id,domain,status,purchase_price,renewal_price,attractiveness,demand,length,registrar,created_at,expires_at,status_verified_at
d6c0c6a1-8882-49f9-8520-a2d8fddb091a,anthracite.qpon,available,2.19,11.49,medium,low,10,namesilo,,,19/09/2026 13:48
53ff89c3-d434-421c-a166-43b7588d5153,depend.qpon,available,1.99,,high,low,6,name.com,,,
0e153eec-fa15-4c49-81f7-92f1466bdf7c,abutter.qpon,available,,,medium,low,7,,,,16/09/2026 19:36
1a489823-3bd8-4a20-8ec5-a0f8f396f030,duncan.qpon,premium,3450,23.54,high,low,6,namesilo,,,25/09/2026 05:02
562d8ebf-4e12-4e05-8306-d619b1d46be0,vapid.qpon,available,1.99,27.99,medium,low,5,name.com,,,10/08/2026 13:04
b9846a20-200c-41b6-a69d-b526c1f1f522,airlock.qpon,available,2.19,11.49,high,low,7,namesilo,,,17/09/2026 22:33
17694c55-1ac2-4db4-ae3d-fe9c0d3602de,roadless.qpon,available,2.19,11.49,medium,low,8,namesilo,,,08/09/2026 10:27
9232f719-0fc4-4790-a5fb-11e0410d4630,charnel.qpon,available,1.99,27.99,medium,low,7,name.com,,,12/08/2026 02:37
373ad04b-a4d7-4765-b2d7-1b28367368c7,fortemente.qpon,available,1.99,27.99,medium,low,10,name.com,,,18/08/2026 12:36
7f4a5c06-c286-4f7d-8972-d20e543dc99d,pokey.qpon,available,1.99,27.99,medium,low,5,name.com,,,14/08/2026 07:36
b82b4263-e1e5-4993-b106-b6a1c1f7b69b,bait.qpon,premium,53.92,23.54,high,low,4,namesilo,,,21/09/2026 19:42
65a0dc8f-731d-4a17-bde7-deb340497b4f,blessedly.qpon,available,2.19,11.49,medium,low,9,namesilo,,,14/09/2026 00:19
6d02f91e-d140-4a61-92d1-783ae62c30bb,wolfgang.qpon,available,2.19,11.49,high,low,8,namesilo,,,25/09/2026 15:09
0d19afc3-608c-44ad-ac2b-75486e70d8fb,camo.qpon,available,1.99,,high,low,4,name.com,,,
5b2f6264-4d96-488e-8043-f385507dd48c,agua.qpon,available,,,high,low,4,,,,17/09/2026 20:04
53cc3683-8fe5-4a38-9560-0e0b74e4c8bc,wretched.qpon,available,1.99,27.99,medium,low,8,name.com,,,14/08/2026 04:09
036a2340-d673-4452-8a10-55b7e92fd044,master.qpon,premium,3450,23.54,high,low,6,namesilo,,,25/09/2026 17:15
0f8160a0-3f3b-4dce-b783-ab1ad2406a65,benison.qpon,available,2.19,11.49,high,low,7,namesilo,,,23/09/2026 08:11
d9bb57a3-c669-4154-a7b6-c4e9489fc21c,awarding.qpon,available,1.99,,high,low,8,name.com,,,
22b50df7-27a2-48ec-b471-327b7cebecee,denise.qpon,available,2.19,11.49,high,low,6,namesilo,,,25/09/2026 14:19
2e501201-6a38-4343-83b4-80da407a5ad3,wheeled.qpon,available,2.19,11.49,high,low,7,namesilo,,,13/09/2026 11:20
d52512d7-16b0-41ab-bdc4-8521ff4037d3,chickenpox.qpon,available,2.19,11.49,medium,low,10,namesilo,,,24/09/2026 14:28
01f6b242-4425-4c27-9c6f-96072ff719a1,ages.qpon,available,1.99,,medium,low,4,name.com,,,
a4043047-7600-4776-b7fe-8702ed67a80e,unclutter.qpon,available,1.99,27.99,high,low,9,name.com,,,12/08/2026 10:28
c47d199d-58fd-4926-965f-5555eaaab958,detector.qpon,available,2.19,11.49,high,low,8,namesilo,,,24/09/2026 21:49
7c15db7c-25a5-4927-a348-c41321b25875,apc.qpon,premium,640,23.54,high,low,3,namesilo,,,19/09/2026 16:23
ef2a7562-6522-4438-9780-370ec03857e3,cost.qpon,premium,302.5,23.54,high,low,4,namesilo,,,
a0089498-96a7-4a48-b495-08b4462aec19,malevolent.qpon,available,1.99,27.99,medium,low,10,name.com,,,24/08/2026 13:52
63cc49a4-4e96-446e-8b72-d93e6072477d,shelter.qpon,available,1.99,,high,low,7,name.com,,,
d601bf79-ecd0-428a-bf2c-056bf58aa76c,shelling.qpon,available,2.19,11.49,medium,low,8,namesilo,,,22/09/2026 08:00
9e9bcbce-e042-4376-bb95-a13d0f7a4997,banish.qpon,available,2.19,11.49,high,low,6,namesilo,,,24/09/2026 01:57
037c1f09-9ce0-408f-9451-0d424be4602c,occasion.qpon,available,1.99,,high,low,8,name.com,,,
ba928d83-d8c3-402d-aaf4-8f6252d5d128,application.qpon,available,2.19,11.49,high,low,11,namesilo,,,27/09/2026 02:05
12d9564c-86ea-4639-bb3b-97f1ea49b0c7,mediate.qpon,available,1.99,27.99,high,low,7,name.com,,,21/08/2026 23:37
8aab5d16-0997-459a-9d28-e41ab5540238,leash.qpon,premium,3450,23.54,high,low,5,namesilo,,,
dfe66410-e54c-4b3d-a5bf-4fe5c18a11bf,whether.qpon,available,1.99,,high,low,7,name.com,,,
7f4e0abe-3746-48d2-951d-e5f46d1cc212,jeremiah.qpon,available,2.19,11.49,high,low,8,namesilo,,,24/09/2026 06:54
3621ab6e-ca4b-49c2-a574-5a8eba4f8a08,brummell.qpon,available,2.19,11.49,medium,low,8,namesilo,,,22/09/2026 22:01
637c068c-0fad-4b85-9de7-4cd5df8e5cbe,nobel.qpon,available,2.19,11.49,high,low,5,namesilo,,,18/09/2026 06:24
4823896c-5d43-48bb-bed2-358fe2cc9bfe,abetment.qpon,available,2.19,11.49,medium,low,8,namesilo,,,16/09/2026 15:17
61143754-5b1a-4f5e-99fe-d46d799b061e,seamed.qpon,available,1.99,27.99,medium,low,6,name.com,,,10/09/2026 00:45
e6385c19-5319-47eb-882a-6a30eb72c889,static.qpon,available,1.99,27.99,high,low,6,name.com,,,16/08/2026 02:42
22b8d6c4-70a9-4919-8b4d-a43293e94e21,hock.qpon,available,2.19,11.49,high,low,4,namesilo,,,09/09/2026 16:33
95ce2db6-380b-4cf7-a0a8-aecb43726c28,unedited.qpon,available,1.99,27.99,medium,low,8,name.com,,,12/09/2026 08:51
11b68f20-6b35-4ee1-8854-e41c85a98e84,their.qpon,available,1.99,,high,low,5,name.com,,,
5dc93f78-524e-40a3-ab01-f6f102709a60,puglia.qpon,available,2.19,11.49,high,low,6,namesilo,,,19/09/2026 22:41
4edd6d58-fabd-4107-be63-401c6bc9e36a,amnios.qpon,available,2.19,11.49,medium,low,6,namesilo,,,18/09/2026 22:26
a7ecfbc1-9ff5-41f0-b511-f16f5d4e270a,stretchy.qpon,available,2.19,11.49,high,low,8,namesilo,,,10/09/2026 22:32
19b2fe34-ecf6-4c12-886a-ce04694cfdc4,logistics.qpon,available,2.19,11.49,high,low,9,namesilo,,,25/09/2026 14:40
bb6953d4-0293-40a8-938b-b9989d9553ee,why.qpon,premium,640,23.54,high,low,3,namesilo,,,25/09/2026 10:59
e3d906ea-7cf1-4c0d-8e5a-568fd724ef35,cooler.qpon,available,,,high,low,6,,,,24/09/2026 18:05
145b5c6d-9425-4b78-a90a-b278cdbdb212,outdoor.qpon,available,,,high,low,7,,,,
471f2c54-ae6a-4ca5-843f-82d218c46107,humanist.qpon,available,1.99,27.99,high,low,8,name.com,,,21/08/2026 14:50
90a5c317-6a5e-4ecf-b3d0-d5606bd870df,since.qpon,available,1.99,,high,low,5,name.com,,,
7054bfba-48c1-4ecd-ae3f-bbfefd55ed66,blogs.qpon,premium,302.5,23.54,medium,low,5,namesilo,,,20/09/2026 05:52
852645e6-e213-4f85-b028-2cc3b5c03b1a,hall.qpon,available,1.99,,high,low,4,name.com,,,
05c45178-ecc6-4fe5-88cc-281df39ed816,baking.qpon,premium,53.92,23.54,high,low,6,namesilo,,,22/09/2026 16:25
fb1e27d1-ae27-494a-9637-5f468e06ba2d,vibratory.qpon,available,2.19,11.49,medium,low,9,namesilo,,,13/09/2026 05:09
06d70c63-19e6-4100-a572-e2f36fa05334,recognize.qpon,available,2.19,11.49,high,low,9,namesilo,,,26/09/2026 00:33
06ca8542-172a-4a66-8b82-ce6ebe40a60d,jacobs.qpon,available,1.99,,high,low,6,name.com,,,
f754e231-ecd6-4944-b7bf-e894eb46755c,affirmer.qpon,available,2.19,11.49,medium,low,8,namesilo,,,17/09/2026 14:33
c7df2f37-6755-4ea5-8cc4-14791429d359,crossed.qpon,available,1.99,27.99,high,low,7,name.com,,,13/08/2026 08:18
8c882c47-364e-4798-938e-09cd6129856e,polished.qpon,available,1.99,27.99,high,low,8,name.com,,,24/08/2026 23:10
dfb4b6ad-bc7e-4fdf-9e18-a0373c229e9e,pangolin.qpon,available,2.19,11.49,high,low,8,namesilo,,,19/09/2026 12:39
0ed59df0-5b1b-4d46-855f-fa4813bfcd3a,didactic.qpon,available,1.99,27.99,high,low,8,name.com,,,14/08/2026 06:41
11a64aa3-d9fb-4759-800d-453f70621e1b,indirectly.qpon,available,2.19,11.49,medium,low,10,namesilo,,,15/09/2026 07:58
d83f3af1-f661-4bfb-b9ac-4644d38973b7,village.qpon,premium,53.92,23.54,high,low,7,namesilo,,,25/09/2026 06:43
f4aa6fb9-b130-4226-891d-65a68d448503,arendt.qpon,available,2.19,11.49,medium,low,6,namesilo,,,20/09/2026 03:43
c8faed1d-b366-48de-8a1a-1d9ee7d6cc10,whistle.qpon,available,2.19,11.49,high,low,7,namesilo,,,25/09/2026 23:59
0cf0afae-7cca-48c6-b7c7-b61b9aa3804f,uncensored.qpon,available,2.19,11.49,high,low,10,namesilo,,,12/09/2026 04:53
7f53417e-7646-4472-be15-825005199190,coordinate.qpon,available,2.19,11.49,high,low,10,namesilo,,,08/09/2026 03:35
d32b17c1-e1bb-413e-b82f-3723612ef32a,coalescing.qpon,available,1.99,27.99,medium,low,10,name.com,,,12/08/2026 13:53
3d59b3d9-dca7-4286-bcfd-2790916ecc51,secondary.qpon,available,2.19,11.49,high,low,9,namesilo,,,25/09/2026 12:14
053ece5e-f409-42a7-8dd3-a8d111e3eddf,manila.qpon,available,,,high,low,6,,,,
f906d1d8-41df-46e4-8475-420ba6f323a9,artifact.qpon,available,2.19,11.49,high,low,8,namesilo,,,20/09/2026 10:07
be574bd0-3f38-460b-a2ea-a263000908bd,chesty.qpon,available,1.99,27.99,medium,low,6,name.com,,,06/08/2026 22:08
651c287d-1974-4497-a7f8-a001ac35d75f,dwindling.qpon,available,1.99,27.99,medium,low,9,name.com,,,14/08/2026 21:48
14c29b05-d3da-445c-a169-9f4d13d9ff0f,healthily.qpon,available,2.19,11.49,medium,low,9,namesilo,,,14/09/2026 23:15
d8e044ff-cd97-43a4-8ef3-a5e1613001c5,plays.qpon,premium,3450,23.54,medium,low,5,namesilo,,,18/09/2026 05:50
45aa655b-6b5f-4cbd-aeb1-5308f0dfcc56,boyfriend.qpon,available,2.19,11.49,high,low,9,namesilo,,,22/09/2026 21:55
21453eb5-f24a-41ed-a699-9f5d8c427afd,rudiment.qpon,available,2.19,11.49,medium,low,8,namesilo,,,16/09/2026 14:36
21d5c93c-e78f-480d-bb8c-13074029596c,fig.qpon,premium,640,23.54,high,low,3,namesilo,,,
02ccee45-2f6c-4683-9c4e-4915b3f09aab,poison.qpon,available,,,high,low,6,,,,11/09/2026 18:25
0eb654a2-ff09-4798-90b9-9c3a0894ae22,wagon.qpon,available,1.99,,high,low,5,name.com,,,
d89417af-ab66-44d6-919e-76c234e6df0e,matthews.qpon,available,,,high,low,8,,,,25/09/2026 19:36
59a7de18-d383-4570-8dbe-3d03b181a9cb,february.qpon,available,,,high,low,8,,,,
31e8d4a0-8af7-41e0-9271-46f8fed458b7,warty.qpon,available,1.99,27.99,medium,low,5,name.com,,,13/09/2026 04:24
3a30c367-8560-4c30-824a-b1b5205d7d03,kilobyte.qpon,available,1.99,,high,low,8,name.com,,,
06cd7104-77ad-4fcd-a5d3-22d09b1f12e1,thursday.qpon,available,,,high,low,8,,,,
d4d5baa8-d472-4a6c-a0b1-a7c79f5a66e7,barrel.qpon,available,2.19,11.49,high,low,6,namesilo,,,22/09/2026 08:08
795c4288-e3be-4d45-aa25-cd14af2dfcb5,omissive.qpon,available,2.19,11.49,medium,low,8,namesilo,,,04/09/2026 02:28
57c0568c-5776-445d-a66f-3aa3ad65aaea,andrena.qpon,available,2.19,11.49,medium,low,7,namesilo,,,19/09/2026 04:31
cbba2528-70dd-4fa0-9b40-8778910a568e,eyrie.qpon,available,1.99,27.99,high,low,5,name.com,,,
06aad60e-68db-4d8a-b61b-08531370db75,quinn.qpon,available,,,high,low,5,,,,25/09/2026 21:10
b3c84554-bf5d-4d7a-b42a-6f1ee2e9a8cc,honeybee.qpon,available,2.19,11.49,high,low,8,namesilo,,,19/09/2026 17:30
37fcbe1c-a3f8-4bab-b3d6-2e879dfd6e73,rican.qpon,available,2.19,11.49,high,low,5,namesilo,,,25/09/2026 13:13
d0e8015a-f422-4274-88d7-d9f18aa6395f,spoof.qpon,available,2.19,11.49,high,low,5,namesilo,,,23/09/2026 11:26
fa1c8d58-8918-4169-b868-416b766c8d56,nacreous.qpon,available,2.19,11.49,medium,low,8,namesilo,,,03/09/2026 12:37
3f158906-82bb-4906-bcd9-fad099667e71,regnant.qpon,available,2.19,11.49,high,medium,7,namesilo,,,09/09/2026 12:56
e934be83-6bc0-40ad-94c1-82e1a8c01900,yet.qpon,available,,,high,low,3,,,,
f9d8f96d-bf79-4a9b-8423-2fb417281f57,adige.qpon,available,2.19,11.49,medium,low,5,namesilo,,,17/09/2026 08:16
1d16fe7f-42c2-4864-8838-f24fb67f451e,marin.qpon,available,2.19,11.49,high,low,5,namesilo,,,25/09/2026 15:45
064a05ee-f0e3-4c07-b29e-f176ce30888f,underarm.qpon,available,2.19,11.49,medium,low,8,namesilo,,,12/09/2026 07:21
e308276a-d5ab-456e-bb18-fae87923cbac,mistrust.qpon,available,2.19,11.49,high,low,8,namesilo,,,24/09/2026 23:12
09a41465-e084-47b5-8189-e58057dbf0b9,mobius.qpon,available,2.19,11.49,high,low,6,namesilo,,,21/09/2026 03:47
c9520c17-0ff5-471d-a9b0-60608723f760,reptile.qpon,premium,3450,23.54,high,low,7,namesilo,,,09/09/2026 14:41
4cfc49ba-07e3-4670-93ff-5b10e5166ec7,febrile.qpon,available,1.99,27.99,medium,low,7,name.com,,,18/08/2026 00:27
3e524fe5-0814-46f5-9a64-d1a4191c3afc,photos.qpon,premium,3450,23.54,high,low,6,namesilo,,,17/09/2026 16:48
5ad18aa8-c261-4306-a23b-aab3b4b4ed26,examine.qpon,available,1.99,,high,low,7,name.com,,,
3d4e7331-2dba-41b7-9657-33a0f8f0d340,comp.qpon,premium,46.88,27.99,high,low,4,name.com,,,23/09/2026 17:59
f97dbea3-ef43-4978-a35c-e04dabed3c4b,blustery.qpon,available,1.99,27.99,medium,low,8,name.com,,,10/08/2026 16:31
dc896dea-ab11-4cc2-9246-fa97d1bc44ac,unwrinkled.qpon,available,2.19,11.49,medium,low,10,namesilo,,,12/09/2026 22:55
c4124ddc-b41c-441b-8768-80375f745cc2,bacitracin.qpon,available,1.99,27.99,high,low,10,name.com,,,21/09/2026 14:25
a07273a5-4555-4421-a193-fe87c5b4c95b,nigerian.qpon,premium,640,23.54,high,low,8,namesilo,,,03/09/2026 17:12
bd31cc03-77d7-4d91-b35a-b58b06543ab9,nipponese.qpon,available,1.99,27.99,medium,low,9,name.com,,,22/08/2026 12:24
3542fd0c-27ce-4ae2-9013-70894271411f,huntington.qpon,premium,3450,23.54,high,low,10,namesilo,,,25/09/2026 04:18
ad856d57-8afa-47e7-9b65-e98b2f2be5e6,wickedly.qpon,available,2.19,11.49,medium,low,8,namesilo,,,14/09/2026 16:40
302ecbde-e930-467e-84f8-989adb9b2da4,raisable.qpon,available,2.19,11.49,high,medium,8,namesilo,,,09/09/2026 09:51
22f4fa7d-a38b-4c17-83c6-9ab87a64ee27,gross.qpon,available,2.19,11.49,high,low,5,namesilo,,,24/09/2026 13:05
e75331fa-0997-4859-ad1e-ee7c0ae304ad,nut.qpon,premium,640,23.54,high,low,3,namesilo,,,10/09/2026 00:12
1cda4955-9b62-44f1-9d1c-1206377505a3,ticket.qpon,available,,,high,low,6,,,,24/09/2026 18:18
7e5793a4-91bb-4ea3-95be-7a250d6d84f9,anyway.qpon,available,1.99,,high,low,6,name.com,,,
ea1d9cd6-52ca-4c2f-bebe-3fd065de38c0,mockingly.qpon,available,2.19,11.49,medium,low,9,namesilo,,,14/09/2026 12:02
ae27c309-cb51-44c5-a495-1dcd784a6f52,mated.qpon,available,1.99,27.99,medium,low,5,name.com,,,24/08/2026 17:10
b6745db1-867e-403b-a54c-b6421e4b4417,barley.qpon,available,2.19,11.49,high,low,6,namesilo,,,22/09/2026 06:33
fb079783-eeb8-4820-bdf9-ef15af76eabc,facts.qpon,premium,302.5,23.54,high,low,5,namesilo,,,23/09/2026 17:41
c35d80a5-c49c-4c92-933d-fb2bdc6e193b,hill.qpon,available,1.99,,high,low,4,name.com,,,
a7a01647-21c3-4e03-ad03-2e5ca3881fae,hamburger.qpon,premium,3450,23.54,high,low,9,namesilo,,,
a24a3695-bc7c-4b02-a459-2c025f608afc,hoarse.qpon,available,1.99,27.99,medium,low,6,name.com,,,21/08/2026 10:10
abc50dec-8f1a-4025-a863-fa475c60a37e,beetling.qpon,available,1.99,27.99,medium,low,8,name.com,,,09/08/2026 08:22
795cb7bb-26a6-4daf-b329-bc32aa2cd2f1,adulation.qpon,available,2.19,11.49,medium,low,9,namesilo,,,17/09/2026 10:04
2ec7ab23-b3bc-4ba2-b299-ebce93ff76c8,almoner.qpon,available,2.19,11.49,medium,low,7,namesilo,,,18/09/2026 12:40
00a90566-349c-4a11-aa6f-cd237e7d0e3b,woolly.qpon,available,1.99,27.99,high,low,6,name.com,,,18/08/2026 08:40
5e289f41-b401-4ddd-ae35-7cd24d2a6022,tahoe.qpon,premium,3450,23.54,high,low,5,namesilo,,,
3c1b374a-dd9b-4a8b-8c30-75cdbad86eab,infamous.qpon,available,1.99,27.99,high,low,8,name.com,,,21/08/2026 19:04
8563c942-ab16-486b-a993-9eb94070e9d2,springless.qpon,available,2.19,11.49,medium,low,10,namesilo,,,10/09/2026 16:51
72554efa-1362-48f9-a912-c659dbc5d209,deepening.qpon,available,1.99,27.99,high,low,9,name.com,,,13/08/2026 23:00
a68d7e40-bae1-4036-8cee-10bebb86a1bb,labelled.qpon,available,1.99,27.99,high,low,8,name.com,,,22/08/2026 17:15
b84a14fe-bde0-4b93-bf16-df9b70d72fa7,adenauer.qpon,available,2.19,11.49,medium,low,8,namesilo,,,17/09/2026 07:24
7b4624b3-5a99-4bea-a248-f22fdfffdb3a,looker.qpon,available,1.99,27.99,high,low,6,name.com,,,22/08/2026 16:48
41ba9192-0983-4c64-80c9-a07e28ba58df,hyperbolic.qpon,available,1.99,27.99,high,low,10,name.com,,,21/08/2026 16:44
9764a7a2-2b4a-45d6-8559-43a5828dc73e,copular.qpon,available,1.99,27.99,medium,low,7,name.com,,,13/08/2026 00:38
385c5c33-b378-418e-857a-0d2be84009ee,unseeing.qpon,available,1.99,27.99,high,medium,8,name.com,,,10/09/2026 07:57
709fcea3-8d57-48b4-b750-b8589034616c,alluring.qpon,available,2.19,11.49,high,low,8,namesilo,,,22/09/2026 01:34
ac7fcb2e-6cc2-4da0-ab18-a97b0ff25bfd,categorical.qpon,available,1.99,,high,low,11,name.com,,,
9167e92b-ebba-4061-a897-e0ccbb2d6a71,benzine.qpon,available,2.19,11.49,high,low,7,namesilo,,,23/09/2026 08:53
aa8a24f8-e2c3-44cf-92a4-8a379d39ce3b,crosstown.qpon,available,1.99,27.99,medium,low,9,name.com,,,13/08/2026 08:13
f7510e08-1ffd-4a07-a20b-369a1c61c6fd,maturation.qpon,available,1.99,27.99,high,low,10,name.com,,,20/08/2026 20:27
edf6ba81-38d5-46ed-a11a-6fd601498d90,pare.qpon,available,,,high,low,4,,,,11/09/2026 20:00
f8000b13-71a3-4764-a987-195bf8f90fea,cleaning.qpon,premium,53.92,23.54,high,low,8,namesilo,,,12/08/2026 10:25
34cdee27-4a13-4deb-9dcd-299950d2bb9d,territory.qpon,available,1.99,,high,low,9,name.com,,,
24656326-d5df-49fa-886c-2417b3dfb01f,adding.qpon,available,1.99,,high,low,6,name.com,,,
12cf7f97-684e-4ce2-aa10-ff8f11f3d85a,arhat.qpon,available,2.19,11.49,medium,low,5,namesilo,,,20/09/2026 05:05
a12d7a55-4d8d-4a4c-ad8f-f651af0680e2,insecure.qpon,available,1.99,27.99,high,low,8,name.com,,,22/08/2026 06:42
b035a61f-7ea1-4c7f-9254-6116cd33e9ce,braless.qpon,available,1.99,27.99,low,low,7,name.com,,,08/08/2026 18:29
ac30a382-6e3a-4099-82c7-acf8c8ab5b3e,items.qpon,available,2.19,11.49,high,low,5,namesilo,,,23/09/2026 02:55
b33b66f3-9630-4c76-b331-5e5f5033d66c,birthrate.qpon,available,,,high,low,9,,,,23/09/2026 20:56
84fa5097-e342-4d11-ad48-e2887250a951,willowy.qpon,available,1.99,27.99,medium,low,7,name.com,,,20/08/2026 17:31
d9e0da20-ccf2-41a1-91f2-7e455dc55dcd,murderer.qpon,available,2.19,11.49,medium,low,8,namesilo,,,25/09/2026 08:59
c5b0d676-ba1b-4b87-a40d-1108d1cd4d01,preceding.qpon,available,1.99,,medium,low,9,name.com,,,
6f249422-0b16-491b-a243-a766c9be7c47,formulaic.qpon,available,1.99,27.99,medium,low,9,name.com,,,18/08/2026 12:18
8f23918e-cb01-4e6e-90dc-d50405bef3a5,earnest.qpon,available,1.99,27.99,high,low,7,name.com,,,14/08/2026 22:31
42d4d65b-e9a7-4f0a-8360-d83a186b4694,modeler.qpon,available,1.99,,high,low,7,name.com,,,
87f3f73d-5365-4e39-bbef-f5564327a6cb,brenda.qpon,available,2.19,11.49,medium,low,6,namesilo,,,25/09/2026 15:27
90da2001-f2d3-44b8-9222-7774d6128a1d,extremist.qpon,available,1.99,27.99,medium,low,9,name.com,,,17/08/2026 19:32
f865699e-0cb0-4ac0-984e-cff47322ae9d,epic.qpon,premium,640,23.54,high,medium,4,namesilo,,,24/09/2026 14:28
fb024d1f-a260-44e9-bb3e-baeeabff89bd,carboxylic.qpon,available,1.99,27.99,medium,low,10,name.com,,,11/08/2026 18:46
681750ae-f809-4118-a774-c70e69c003ca,agreed.qpon,premium,3450,23.54,high,low,6,namesilo,,,21/09/2026 23:21
afc90578-97f8-4502-87aa-3d078f26ad12,boned.qpon,available,1.99,27.99,high,low,5,name.com,,,10/08/2026 18:34
87a8ea5a-bd3b-4119-bc1f-2b59f196bdfe,devoted.qpon,available,1.99,27.99,high,low,7,name.com,,,24/09/2026 08:04
0e29cbcf-3b4c-4c03-9091-ac44f81c2f5f,propellant.qpon,available,2.19,11.49,high,low,10,namesilo,,,09/09/2026 03:26
27f451b7-5347-4193-857c-81e4a7540709,usernames.qpon,available,2.19,11.49,medium,low,9,namesilo,,,20/09/2026 06:18
839bce7c-1bce-46b8-aa5c-264b99fc5ee0,homespun.qpon,available,1.99,27.99,high,low,8,name.com,,,13/08/2026 04:23
34f72e75-26a8-4bc1-8364-88a05a233dea,schwartz.qpon,available,2.19,11.49,high,low,8,namesilo,,,25/09/2026 15:46
53602262-d77e-4837-a1d4-9c151048b999,standardize.qpon,available,1.99,,high,low,11,name.com,,,
97d81cca-41c4-4de7-be6a-a41ea135f3d7,tyres.qpon,available,1.99,,medium,low,5,name.com,,,20/09/2026 19:00
53766707-c005-4f16-9041-f01858d80c4d,alecto.qpon,available,2.19,11.49,medium,low,6,namesilo,,,18/09/2026 04:50
ad841c9d-330c-49ca-a743-0e60d5829d4a,perspective.qpon,available,1.99,,high,low,11,name.com,,,
87493967-2b00-46fd-aa66-efa88339d71e,bizarre.qpon,available,1.99,,high,low,7,name.com,,,22/09/2026 21:11
3c8db868-7543-4ca5-be4a-672e645e8831,bated.qpon,available,1.99,27.99,high,low,5,name.com,,,09/08/2026 00:22
6147e66e-c7f5-467f-a326-00175c0cc02b,astrodome.qpon,available,2.19,11.49,medium,low,9,namesilo,,,20/09/2026 17:37
5d239ba3-519d-4096-ab72-40a2ab554d68,arcuate.qpon,available,1.99,27.99,medium,low,7,name.com,,,06/08/2026 14:49
29e02e31-54ab-446b-a6f3-8236d0a273a8,phosphorus.qpon,available,2.19,11.49,medium,low,10,namesilo,,,20/09/2026 22:25
9ba3d088-ba2e-4eaa-a305-e3fd633a2b44,ranking.qpon,available,1.99,,high,low,7,name.com,,,
8b0c545d-0901-4517-a17d-3c9cdc111c12,endowment.qpon,available,1.99,,high,low,9,name.com,,,
07d6cdf2-7884-4287-af41-fbb968a8bb74,amour.qpon,available,2.19,11.49,high,low,5,namesilo,,,17/09/2026 14:07
922f1cc8-7024-4f00-833d-849c0f5f332d,larson.qpon,available,2.19,11.49,medium,low,6,namesilo,,,27/09/2026 01:48
1d0cf5af-2aeb-4a15-9a12-615c3ca05eec,soaker.qpon,available,1.99,27.99,medium,low,6,name.com,,,
cf994d49-ba60-4c2e-af8a-2890ab9f7b76,traveled.qpon,available,1.99,,high,low,8,name.com,,,
bbae5788-0789-44b5-bb43-11ec381e609b,source.qpon,available,2.19,11.49,high,medium,6,namesilo,,,25/09/2026 22:58
ba4d06af-5d68-47ac-a9ab-fa0bc02a1a6a,hoagy.qpon,available,,,high,low,5,,,,24/09/2026 20:07
d9572bb9-2825-4029-9419-2f622acb7dda,eventful.qpon,available,1.99,27.99,high,low,8,name.com,,,12/08/2026 22:36
ca62128d-df71-4051-8e72-b7c8dd1eeabe,employed.qpon,available,1.99,27.99,high,low,8,name.com,,,16/08/2026 18:24
9621ea16-b480-41f2-9206-98b796def2cb,gladsome.qpon,available,1.99,27.99,high,low,8,name.com,,,19/08/2026 00:13
ac1ca553-7f84-4320-9e07-6f6653dd3950,crimson.qpon,available,2.19,11.49,high,low,7,namesilo,,,22/09/2026 22:28
3e9affcc-b59e-410c-bd8f-c1aafe2bb53b,assessable.qpon,available,1.99,27.99,medium,low,10,name.com,,,07/08/2026 06:04
35492f37-2f70-4b0b-9c00-325602362963,misleading.qpon,available,1.99,27.99,medium,low,10,name.com,,,25/08/2026 01:34
10d28021-7fe0-42d6-8cbe-7c35cdd5f624,ungummed.qpon,available,2.19,11.49,medium,low,8,namesilo,,,12/09/2026 11:43
1e7a7ad8-9de1-485f-9d2a-167892f38e56,buzz.qpon,premium,302.5,23.54,high,low,4,namesilo,,,25/09/2026 00:26
60127509-0195-4072-bb96-cb1ea7fd0ba3,adjectives.qpon,available,2.19,11.49,medium,low,10,namesilo,,,18/09/2026 16:11
c7ba9583-e49c-4037-af23-763558b56443,upon.qpon,available,1.99,,medium,low,4,name.com,,,
fae0056c-33c3-414c-9115-7fec2ab1ea76,botticelli.qpon,available,2.19,11.49,high,low,10,namesilo,,,18/09/2026 05:31
710c02aa-c720-477d-8db5-6c6e7731cc16,allegheny.qpon,available,2.19,11.49,medium,low,9,namesilo,,,18/09/2026 10:28
8732cce5-1741-4223-a0e7-35cfa1f74da3,hitch.qpon,available,1.99,27.99,high,low,5,name.com,,,20/08/2026 22:55
795ffb73-9ca7-4ba5-b4ba-e1e87c4804ab,maddening.qpon,available,1.99,27.99,medium,low,9,name.com,,,17/08/2026 15:55
0445c04b-bda6-4fa0-91b5-23751c731d62,depends.qpon,available,,,medium,low,7,,,,25/09/2026 20:36
2ddb3de1-0b8d-4135-b4cb-0bca59459bd3,culpable.qpon,available,1.99,27.99,medium,low,8,name.com,,,10/08/2026 12:34
cd9d5b7e-f203-447c-bb0c-ee20edbde1ea,agrypnia.qpon,available,,,medium,low,8,,,,17/09/2026 20:02
0e06fb9b-4d7f-428f-98e4-375d694d50a3,plaques.qpon,available,2.19,11.49,low,low,7,namesilo,,,20/09/2026 08:19
656e0fbe-33de-4472-aac3-3500e7e154a6,strictly.qpon,available,2.19,11.49,high,low,8,namesilo,,,15/09/2026 22:03
8fe7ef28-4728-4cfa-8b0a-3c97cd007088,shopsoiled.qpon,available,2.19,11.49,high,medium,10,namesilo,,,10/09/2026 06:45
17762695-a2f7-46a2-a7d8-993e210cb9dc,biotite.qpon,available,,,high,low,7,,,,23/09/2026 19:13
e3715144-25f6-4f07-8ccc-a6d8f67f1325,bach.qpon,available,2.19,11.49,high,low,4,namesilo,,,21/09/2026 14:07
35160ace-f8f3-4cd4-958b-ffe3a87f6d9e,scurvy.qpon,available,1.99,27.99,medium,low,6,name.com,,,
24bfe46d-0c83-4ce4-977b-d9ab9ec057d2,abetter.qpon,available,2.19,11.49,medium,low,7,namesilo,,,16/09/2026 15:19
f5129600-b0e4-4eef-a007-04b453017b4e,sedate.qpon,available,1.99,27.99,high,low,6,name.com,,,20/08/2026 18:40
6418a84f-28d6-49ff-9376-4d57561e2a71,volunteers.qpon,available,2.19,11.49,high,low,10,namesilo,,,18/09/2026 01:21
fb63abfd-6a6f-43c0-9eaf-101d50d3a16e,albitic.qpon,available,1.99,27.99,medium,low,7,name.com,,,
d286433d-07cb-4be0-940a-803a9efdcaab,juice.qpon,premium,3450,23.54,high,low,5,namesilo,,,
afa77c5b-0a9e-4e97-99a8-1fbbdce4ea87,pianistic.qpon,available,,,high,medium,9,,,,08/09/2026 19:28
24da9c71-f9b9-4bfb-9424-6ffd7561d73e,eidetic.qpon,available,1.99,27.99,medium,low,7,name.com,,,15/08/2026 19:54
9d0de28c-cd59-460e-98be-90c786f3608e,digitiser.qpon,available,2.19,11.49,high,low,9,namesilo,,,19/09/2026 01:52
17958fa0-354c-4e9f-baf7-a802a73bd679,pithily.qpon,available,,,medium,low,7,,,,15/09/2026 20:06
e885ee75-0fda-40d3-95ff-402b070076d8,sentient.qpon,available,2.19,11.49,high,medium,8,namesilo,,,10/09/2026 03:52
53dabba4-4446-4e32-98c4-8ea7cf5e72a9,webby.qpon,available,2.19,11.49,high,low,5,namesilo,,,03/09/2026 16:08
8abb461d-f3de-45ca-9439-4d0ae88678d4,quilted.qpon,available,,,medium,low,7,,,,09/09/2026 08:58
1e410639-56eb-4ce8-b9a8-3d6d12a0e20d,tricuspid.qpon,available,,,medium,low,9,,,,11/09/2026 19:29
8f738a57-2f51-4d22-b98d-5cbe9e368fa7,wry.qpon,premium,640,23.54,high,low,3,namesilo,,,22/08/2026 10:08
faf1840b-2951-4066-98c8-c127a044113b,swimwear.qpon,premium,640,23.54,high,low,8,namesilo,,,22/09/2026 13:39
1314bf44-db67-4067-a676-f9964e095caf,handless.qpon,available,1.99,27.99,medium,low,8,name.com,,,11/08/2026 10:12
f4b411e8-3a79-42f4-9fb6-24ce1e3f6534,tbd.qpon,premium,937.5,,high,low,3,name.com,,,
fbd83413-53c5-4cfe-bb2f-9f942678402e,bart.qpon,available,2.19,11.49,high,low,4,namesilo,,,22/09/2026 07:32
f5dd35cd-2993-410a-b047-86efb46811bd,benzoin.qpon,available,2.19,11.49,medium,low,7,namesilo,,,20/09/2026 12:33
9ced4a35-302d-4e41-84ea-12f163443932,vila.qpon,available,2.19,11.49,high,low,4,namesilo,,,24/09/2026 12:33
39b59420-5065-449f-b892-7d6ff76d6349,moorish.qpon,available,1.99,27.99,high,low,7,name.com,,,25/08/2026 05:59
a86cffa1-29d8-456c-8e15-3388b851e85c,speedily.qpon,available,,,medium,low,8,,,,13/09/2026 20:19
5ee9070f-881f-4d30-b09e-bb9d8a4d68e8,canine.qpon,available,1.99,27.99,high,low,6,name.com,,,11/08/2026 16:56
350f01ec-a500-4200-ac84-6fd8fd380c77,stative.qpon,available,,,medium,low,7,,,,10/09/2026 19:14
8efac536-64fc-4513-8604-de8fd7084a88,minds.qpon,available,,,high,low,5,,,,25/09/2026 20:20
e5530701-6bf8-4859-845a-786fed691039,diddle.qpon,available,2.19,11.49,medium,low,6,namesilo,,,14/09/2026 07:58
ba1b23f4-dd54-41a7-a0f4-309171ffe353,poker.qpon,available,,,high,medium,5,,,,
ec9251dd-aaae-4148-be53-27bcb07e8e6e,introduction.qpon,available,1.99,,high,low,12,name.com,,,
5990e017-8771-43d7-8218-104c0c20d2ea,adulthood.qpon,available,2.19,11.49,high,low,9,namesilo,,,17/09/2026 10:25
604d4676-6b47-411a-8724-58dd26d1215a,sob.qpon,available,,,high,low,3,,,,
9d1780af-1aa2-4caa-84c5-63eb9b9362b0,hollywood.qpon,premium,3450,23.54,high,low,9,namesilo,,,21/08/2026 10:34
ec165feb-a344-4a75-a18a-6016cbd28a49,deviant.qpon,available,1.99,27.99,high,low,7,name.com,,,
69538b7f-98d5-453d-b4e8-43484505810c,mono.qpon,premium,4687.5,27.99,high,medium,4,name.com,,,25/09/2026 21:33
045d68f8-d670-4738-8d0e-32616c76e14b,wager.qpon,available,2.19,11.49,high,low,5,namesilo,,,23/09/2026 10:51
8f08f5fa-a6df-4c68-a35a-f09182a48e9d,approaches.qpon,available,1.99,,high,low,10,name.com,,,23/09/2026 20:05
be26463b-e17d-4ffe-be1b-251be0fb8915,ashtray.qpon,available,2.19,11.49,high,low,7,namesilo,,,20/09/2026 14:02
44ffc90e-6c72-41c6-9f4c-0c5bc0bc3809,mode.qpon,available,1.99,,high,low,4,name.com,,,
f20c3c72-267d-4ffc-b569-b4468be5f576,esthete.qpon,available,2.19,11.49,medium,low,7,namesilo,,,17/09/2026 13:35
592d4cc5-1373-4b44-9727-891131370e14,signalize.qpon,available,2.19,11.49,high,medium,9,namesilo,,,10/09/2026 08:01
508868b8-5776-420c-9d2e-0cd00a697215,mat.qpon,premium,3450,23.54,high,low,3,namesilo,,,08/09/2026 07:48
7948202c-8fff-4ddd-a9a9-a0ca229e5963,salubrious.qpon,available,1.99,27.99,high,low,10,name.com,,,20/08/2026 16:33
61e95175-baec-4c3b-a9b5-219355db4567,poor.qpon,available,2.19,11.49,high,low,4,namesilo,,,24/09/2026 23:28
3160758b-35ea-4bea-adbf-6984a915ec2f,shortest.qpon,available,2.19,11.49,medium,low,8,namesilo,,,17/09/2026 14:24
cb43464a-61b8-46d9-b528-3667b0d4ed0e,billfish.qpon,available,2.19,11.49,medium,low,8,namesilo,,,23/09/2026 16:15
7899bb38-5e9f-4378-b5e4-8c6544caf546,heat.qpon,available,,,high,low,4,,,,
a7d95e1a-7677-4e92-a958-39a91653c05e,adventures.qpon,premium,53.92,23.54,high,low,10,namesilo,,,18/09/2026 17:22
ee924516-f08e-420b-94e5-b2fa49e32428,afoot.qpon,available,1.99,27.99,medium,low,5,name.com,,,
bbba9bd9-7394-4c2b-8630-63212a0aaecb,runs.qpon,available,2.19,11.49,high,low,4,namesilo,,,17/09/2026 13:37
97958ee5-070a-4fb2-aa18-4c5d5fe55c34,jim.qpon,premium,640,23.54,high,low,3,namesilo,,,
4d75a41e-08dd-4700-b9c8-f5c869002703,searching.qpon,available,2.19,11.49,high,low,9,namesilo,,,25/09/2026 09:44
60c2cdb4-bb3b-469a-8b27-8b4062fef014,permanent.qpon,available,1.99,27.99,high,low,9,name.com,,,22/08/2026 20:24
d3576871-ef9c-483c-a68d-00620bd7a9df,blithely.qpon,available,2.19,11.49,medium,low,8,namesilo,,,14/09/2026 00:31
6e4a7001-4b11-404e-9571-f9321e739744,parky.qpon,available,2.19,11.49,medium,low,5,namesilo,,,08/09/2026 01:38
f7658061-cf54-4aac-8729-5bdb94d22d65,azide.qpon,available,2.19,11.49,high,low,5,namesilo,,,21/09/2026 11:12
47f30862-3b79-4929-bfa8-d73d78fd9d1f,invitation.qpon,available,,,high,low,10,,,,
383952e7-699b-4556-b518-c456340bcc38,grinder.qpon,available,1.99,27.99,medium,low,7,name.com,,,25/08/2026 03:40
e851bae2-c626-45ca-90db-1c5b3a0c4c5d,scanners.qpon,premium,640,23.54,medium,low,8,namesilo,,,19/09/2026 22:09
a222fca3-7ecc-4d8e-9b8c-625277bfa74e,occult.qpon,available,2.19,11.49,high,low,6,namesilo,,,03/09/2026 12:26
41721aca-63be-46af-b4c1-e37de7782cd7,jot.qpon,premium,640,23.54,high,low,3,namesilo,,,
c0df54d3-5fd3-47e8-b3f4-03f867ad5768,scandal.qpon,available,1.99,,high,low,7,name.com,,,
cc10e25c-f1c7-42f1-85d3-633994d69752,fictitious.qpon,available,1.99,27.99,medium,low,10,name.com,,,07/08/2026 07:50
0b706707-d903-4218-b617-818090b1e01f,defence.qpon,available,1.99,,high,low,7,name.com,,,
d0fe84ee-a3c9-4230-8b58-477bf1c766b1,dispersed.qpon,available,1.99,27.99,medium,low,9,name.com,,,14/08/2026 11:56
a9b2b0f8-ded5-477d-aec4-4665abc83abb,pepperidge.qpon,available,2.19,11.49,medium,low,10,namesilo,,,24/09/2026 00:49
45a3ff96-b6f0-4336-843b-d51de12c45e7,impatient.qpon,available,1.99,27.99,medium,low,9,name.com,,,21/08/2026 21:53
e2af5907-7b91-43ec-a4c6-8ea2493fc60d,afferent.qpon,available,1.99,27.99,high,low,8,name.com,,,
32818671-f368-4d6a-a14e-859f7ecdeca2,balancing.qpon,available,,,high,low,9,,,,21/09/2026 20:56
bdc71712-bd7d-4af8-9f6a-ee97ab9823f4,sotho.qpon,available,2.19,11.49,high,low,5,namesilo,,,10/09/2026 14:39
d4adb5f9-783b-493a-9950-de0f87733731,nicaean.qpon,available,2.19,11.49,medium,low,7,namesilo,,,03/09/2026 16:59
69b9b9b6-3ffa-45d7-90ab-e6f71d09b29b,dactylic.qpon,available,1.99,27.99,medium,low,8,name.com,,,13/08/2026 15:27
338220a5-0850-4b75-a47a-ae1e1490f67f,neighbourhood.qpon,available,2.19,11.49,high,low,13,namesilo,,,17/09/2026 15:31
e04ea079-3b66-4f68-817d-b7636868e5ca,apiece.qpon,available,1.99,27.99,medium,low,6,name.com,,,14/08/2026 22:12
894e42b7-cd9b-4b49-a9ca-e9817a20842a,dampen.qpon,available,1.99,27.99,medium,low,6,name.com,,,13/08/2026 16:53
3255098a-85e8-47e7-b5e5-440c6fde4a7f,faint.qpon,available,1.99,27.99,high,low,5,name.com,,,17/08/2026 21:01
30696d0f-792c-4f66-8222-e66dd538fbd7,implacable.qpon,available,1.99,27.99,medium,low,10,name.com,,,21/08/2026 22:31
d8dbd695-f893-4dd7-803d-0634355ad455,hide.qpon,available,1.99,27.99,high,low,4,name.com,,,24/09/2026 17:32
100c4031-d5ae-465a-b2fe-a9a643afc99a,attended.qpon,available,2.19,11.49,high,low,8,namesilo,,,22/09/2026 11:17
bba66e7f-4fe5-4d04-87fe-181fcc3b6b4e,potpourri.qpon,available,1.99,27.99,high,low,9,name.com,,,25/08/2026 08:24
316e00b3-200b-4afc-b29e-89c9543fe736,alchemic.qpon,available,1.99,27.99,medium,low,8,name.com,,,
a9062fe1-fc71-491a-b870-73c1371081bf,sevenfold.qpon,available,2.19,11.49,high,low,9,namesilo,,,10/09/2026 04:25
fa7e8bf3-2a8a-45ff-8097-f083cf8c9382,jesting.qpon,available,1.99,27.99,high,low,7,name.com,,,22/08/2026 12:52
7c267815-4955-4646-a57d-7cc21141aa99,floss.qpon,premium,4687.5,27.99,high,low,5,name.com,,,24/09/2026 21:54
d974afec-22dc-4079-acd3-2f38dde22847,expect.qpon,available,1.99,,high,low,6,name.com,,,
ce62ca14-cfe4-429f-8cca-b71da40c575c,alary.qpon,available,1.99,27.99,medium,low,5,name.com,,,
6d4308a2-e122-40aa-8cf6-c4bae1df2f89,ado.qpon,premium,640,23.54,high,low,3,namesilo,,,17/09/2026 09:17
544e5761-fea1-4d4e-a2f2-98ae6fc9741b,hours.qpon,premium,3450,23.54,high,low,5,namesilo,,,
401131c2-c604-4c51-83e5-ae466962fdef,reputedly.qpon,available,2.19,11.49,medium,low,9,namesilo,,,15/09/2026 23:20
0f6fe520-a0ac-4c57-a065-4c41cb3bca8b,motivated.qpon,available,1.99,27.99,high,low,9,name.com,,,25/08/2026 07:31
a064a791-5657-40b6-a002-69a2f1d6efef,aegir.qpon,available,1.99,27.99,medium,low,5,name.com,,,14/08/2026 22:18
8c8b96ba-c9bf-43ac-8b71-4a81644fab86,occur.qpon,available,1.99,,high,low,5,name.com,,,
dd5c2be1-8e65-4867-bd4a-d38d054025ab,guys.qpon,premium,640,23.54,high,low,4,namesilo,,,
7edb764a-e472-4ae2-9164-cbe6c6fb7ea5,alienator.qpon,available,2.19,11.49,medium,low,9,namesilo,,,18/09/2026 07:36
25e8c3e5-76e3-4662-8779-e48a5395df69,undesirable.qpon,available,1.99,,high,low,11,name.com,,,
b890e31e-592d-47f9-a942-b0c5f6ee49b6,obligate.qpon,available,2.19,11.49,medium,low,8,namesilo,,,03/09/2026 23:37
801e94fe-8a09-4d95-a4a2-cdb26d1e33d7,wieldy.qpon,available,2.19,11.49,medium,low,6,namesilo,,,13/09/2026 11:52
f9165669-5bd6-4ad2-9f30-72ab116c2027,await.qpon,available,1.99,,high,low,5,name.com,,,
2071850b-c2d8-4d8b-bd21-8e8db19947a9,onstage.qpon,available,2.19,11.49,high,low,8,namesilo,,,16/09/2026 19:36
84507c13-2a1d-45c3-8d62-cf7381902d4f,queensland.qpon,available,1.99,27.99,high,low,10,name.com,,,25/09/2026 10:12
5f9cbb12-504c-466b-b78f-ab543390da13,overjoy.qpon,available,1.99,,high,low,7,name.com,,,
675b2f27-9ce8-447b-93e5-2e47a559b5c0,roiling.qpon,available,,,medium,low,7,,,,09/09/2026 18:16
23f05217-ff66-457b-ae4c-3b1153fbb153,benet.qpon,available,2.19,11.49,high,low,5,namesilo,,,23/09/2026 07:58
d94c6665-2663-4278-89d2-cb70d5466cb7,beanfeast.qpon,available,,,medium,low,9,,,,22/09/2026 20:29
3338d36f-ea83-48d5-8275-d2751e09c033,greased.qpon,available,1.99,27.99,high,low,7,name.com,,,20/08/2026 19:33
9cdaa157-6df5-43e3-8233-f62004fe2ece,allow.qpon,available,1.99,27.99,high,low,5,name.com,,,06/08/2026 09:03
a00bf05c-02d0-4906-a541-6383e42d1bf1,applicant.qpon,available,2.19,11.49,high,low,9,namesilo,,,19/09/2026 21:53
7c60ebb2-e8c9-4c68-bfab-b41c02c6de8b,excursive.qpon,available,1.99,27.99,medium,low,9,name.com,,,17/08/2026 16:39
e19fccec-c9dc-4641-a047-41c87ed10399,roast.qpon,available,1.99,,high,low,5,name.com,,,
8724e8fd-7db7-444c-bcd4-840945989374,pat.qpon,premium,3450,23.54,high,low,3,namesilo,,,
25f4f252-d30f-46b9-84e8-f97bb1db9b78,denominations.qpon,available,2.19,11.49,low,low,13,namesilo,,,21/09/2026 00:01
345bb50c-f740-4e9f-b92b-5c66dfc9ad4b,sold.qpon,available,,,high,low,4,,,,
2db1930c-2437-493b-ad0c-24725c78bd5b,letters.qpon,available,1.99,,high,low,7,name.com,,,
d0f0c47d-a200-4955-a013-6f8dadb9eb10,idiom.qpon,available,1.99,,high,low,5,name.com,,,
f985b50a-06c8-44c2-9923-68d2ba54662a,monkfish.qpon,available,2.19,11.49,medium,low,8,namesilo,,,18/09/2026 11:42
9c86cdf2-0e5c-45ae-8baa-56e4f971224a,olfactive.qpon,available,2.19,11.49,medium,low,9,namesilo,,,04/09/2026 02:13
dab1fe06-48ca-4cac-964b-a792908edfb1,glance.qpon,available,1.99,,high,low,6,name.com,,,
24b7c532-6184-4a76-944b-b6485c370cac,katabatic.qpon,available,1.99,27.99,high,low,9,name.com,,,11/08/2026 20:41
2aa08b6e-fbe5-47a6-ac7c-545be1a2cc21,diluvian.qpon,available,1.99,27.99,medium,low,8,name.com,,,14/08/2026 07:51
47ed3cfe-016d-4adb-9b69-8098cce0dc05,verse.qpon,available,1.99,,high,low,5,name.com,,,
daeb4096-e3c1-4f30-ba8b-a01b0146c246,masoud.qpon,available,,,medium,low,6,,,,17/09/2026 20:25
2cb50600-f26c-4604-8654-11ca62122a7f,bonny.qpon,available,1.99,27.99,medium,low,5,name.com,,,10/08/2026 18:45
98595381-49f9-4982-9267-c279cf5dd2a2,icc.qpon,premium,640,23.54,high,low,3,namesilo,,,25/09/2026 07:43
788cb6a2-8a71-4b0c-8c9c-259a8893b861,spaceward.qpon,available,2.19,11.49,medium,low,9,namesilo,,,16/09/2026 05:42
730746a6-1d8f-46bd-907b-968929c17369,objection.qpon,available,2.19,11.49,high,low,9,namesilo,,,25/09/2026 22:40
5b940805-fe54-4786-88e7-d0dbc2266b81,cozily.qpon,available,2.19,11.49,medium,low,6,namesilo,,,14/09/2026 08:48
3fc35b4c-675e-4539-8302-f3100009a1f2,germinal.qpon,available,1.99,27.99,medium,low,8,name.com,,,18/08/2026 22:49
181c85cd-be90-4d2a-a442-7485d961751f,veiled.qpon,available,2.19,11.49,medium,low,6,namesilo,,,13/09/2026 01:50
b69a7356-8bc6-4b11-862e-9198e84bf2a3,nec.qpon,premium,640,23.54,high,medium,3,namesilo,,,25/09/2026 23:52
b3c4e2a6-3f6e-4d71-afa4-a38aa42f5742,vex.qpon,premium,640,23.54,high,low,3,namesilo,,,21/09/2026 17:27
ba465862-04e9-41f5-8d00-76355e16f4d7,lied.qpon,available,2.19,11.49,high,low,4,namesilo,,,25/09/2026 08:58
b1fc25ba-9414-4721-a7a5-6319c9a8664b,heuristic.qpon,available,1.99,27.99,high,low,9,name.com,,,21/08/2026 07:34
38f48f83-01d9-487c-b3da-caac29bec86d,baic.qpon,available,,,medium,low,4,,,,21/09/2026 18:51
8064969e-1b80-4645-b65c-5790d5f99240,raised.qpon,available,2.19,11.49,high,low,6,namesilo,,,23/09/2026 09:46
dec2482e-090e-4fe3-b5c5-7a2fab3999c5,scholarly.qpon,available,1.99,27.99,high,low,9,name.com,,,09/09/2026 23:11
b0d8dbec-2e3e-4374-8b01-32947580efef,shouldered.qpon,available,2.19,11.49,high,medium,10,namesilo,,,10/09/2026 06:51
92f65800-1496-4405-8fa1-c015a4066264,lingually.qpon,available,2.19,11.49,medium,low,9,namesilo,,,15/09/2026 12:28
57ed7c2e-bf32-4c5a-b726-537687d3ac6c,jolted.qpon,available,1.99,27.99,medium,low,6,name.com,,,22/08/2026 13:55
8af32c1b-4894-469e-ae1a-470d07fe6eec,bronzed.qpon,available,1.99,27.99,high,low,7,name.com,,,11/08/2026 05:43
06c8b26e-f191-4e01-afa8-52e64ded7eb5,wise.qpon,available,2.19,11.49,high,high,4,namesilo,,,24/09/2026 23:31
6bc6bd0c-3a2a-4f6e-9d2a-06ec6c8ce4e9,hoarding.qpon,available,2.19,11.49,high,low,8,namesilo,,,23/09/2026 16:09
fca6b57d-a0b5-47c9-a44e-3be92528459f,mouldy.qpon,available,1.99,27.99,medium,low,6,name.com,,,25/08/2026 03:52
b9336961-df0c-4683-b38a-13df0250a0f3,lined.qpon,available,1.99,27.99,high,low,5,name.com,,,23/08/2026 14:17
ed55100e-0929-474a-8371-6b66cd0183c5,christina.qpon,available,2.19,11.49,high,low,9,namesilo,,,25/09/2026 14:23
71883054-bdd1-4102-97f5-2489f6df5788,xxxviii.qpon,available,1.99,27.99,medium,low,7,name.com,,,
faafed80-d0cd-4945-b339-c8ba62cfb243,mentions.qpon,available,2.19,11.49,medium,low,8,namesilo,,,17/09/2026 17:25
499ef269-99b4-49f4-bf5b-713bd0c87227,jugular.qpon,available,1.99,27.99,medium,low,7,name.com,,,22/08/2026 14:16
6bfeeae5-145c-40b4-b26a-6873aa2778cf,diurnal.qpon,available,1.99,27.99,medium,low,7,name.com,,,14/08/2026 13:34
e4ec04b5-041a-402f-bcef-a6f6ed32536d,jocose.qpon,available,1.99,27.99,medium,low,6,name.com,,,22/08/2026 12:54
32a9877d-96a5-4dae-8b61-60ad53c28031,indocile.qpon,available,1.99,27.99,medium,low,8,name.com,,,22/08/2026 03:18
689664c8-0933-4c79-9860-1f67796113f4,astatic.qpon,available,1.99,27.99,medium,low,7,name.com,,,07/08/2026 08:36
b6ca50a0-f990-4155-aa4e-c1c712d0243c,salaried.qpon,available,1.99,27.99,high,low,8,name.com,,,12/08/2026 19:23
1f825196-b599-44ce-9743-9fc8467ff81c,mutualist.qpon,available,1.99,27.99,high,low,9,name.com,,,22/08/2026 07:59
05c4d075-7e31-486a-80f6-ff4b966c29c1,blest.qpon,available,1.99,27.99,high,low,5,name.com,,,10/08/2026 14:15
b2c04a84-e73c-4e2e-a372-cbd162732c2d,ldopa.qpon,available,2.19,11.49,high,low,6,namesilo,,,23/09/2026 07:45
e8349778-ba3c-40e1-9184-3f236f34d652,singular.qpon,available,2.19,11.49,high,low,8,namesilo,,,13/08/2026 11:18
89d33929-76c7-4a5b-905a-82bbdb8a264b,violet.qpon,premium,302.5,23.54,high,medium,6,namesilo,,,09/09/2026 06:21
64aa40aa-9e20-4a3c-a3a3-fe9babca8cf2,statuary.qpon,available,,,medium,low,8,,,,10/09/2026 19:16
478640d6-85dc-49f9-a65a-6319c24c45f0,affined.qpon,available,1.99,27.99,medium,low,7,name.com,,,
6c1f32e1-4eb2-47e7-8f9f-4af5269eebcc,biological.qpon,available,1.99,27.99,high,low,10,name.com,,,22/09/2026 20:55
1095dc58-c4c3-4267-be57-d4f154e8cad0,prayed.qpon,available,2.19,11.49,medium,low,6,namesilo,,,18/09/2026 02:41
af780c6f-8ea3-4852-9d5d-00ee0e93d242,disjointed.qpon,available,1.99,27.99,medium,low,10,name.com,,,14/08/2026 11:16
2e534631-d1ae-44ba-9707-a40f821153a9,undoable.qpon,available,2.19,11.49,medium,low,8,namesilo,,,11/09/2026 23:41
e23e4562-b1a0-487f-b81b-a8c383872cc9,tacky.qpon,available,1.99,27.99,high,low,5,name.com,,,18/08/2026 06:41
c8117e51-0232-4ca7-bd14-6eab116a9661,deficient.qpon,available,1.99,27.99,high,low,9,name.com,,,13/08/2026 23:22
f7cbf93e-df4e-4cc0-946d-f41aa7082f72,comparably.qpon,available,2.19,11.49,high,low,10,namesilo,,,14/09/2026 07:37
648790b3-0d2e-4fca-b90a-f135387f1dc5,touching.qpon,available,1.99,27.99,high,low,8,name.com,,,
cb2d6961-bd3e-4a5f-bbc8-8ffa4d3228d0,rigour.qpon,available,2.19,11.49,high,low,6,namesilo,,,20/09/2026 14:57
745a46f0-2e4a-472f-8996-08948b58d955,impact.qpon,available,1.99,,high,high,6,name.com,,,
d650b281-da8a-40dc-9d1d-2a2848ffa873,lacrimal.qpon,available,1.99,27.99,medium,low,8,name.com,,,22/08/2026 17:57
0fb098c3-2d59-4afb-94cd-1f913e9fcdcf,aramus.qpon,available,2.19,11.49,medium,low,6,namesilo,,,19/09/2026 23:57
a69ae51e-91f3-4cb1-8dfa-d01b783e11e7,auschwitz.qpon,available,2.19,11.49,medium,low,9,namesilo,,,21/09/2026 04:35
ad7afca4-cd55-49e4-a13e-e3a07d618970,homophobic.qpon,available,1.99,27.99,medium,low,10,name.com,,,21/08/2026 13:04
f342110d-b5cd-4eb2-a811-f6f1160aedc8,inward.qpon,available,1.99,27.99,high,low,6,name.com,,,21/08/2026 23:34
3fc6f239-efd1-4b34-8ab2-1b4057b7b28d,spacetravel.qpon,premium,3450,23.54,high,low,12,namesilo,,,
0cafd957-03df-4679-8445-363f2df7f512,whale.qpon,available,1.99,,high,low,5,name.com,,,
56a52749-a593-4425-9fb1-4c93159f2c8e,purposive.qpon,available,1.99,27.99,high,low,9,name.com,,,20/08/2026 15:51
d5eedb2b-945b-426e-b6bd-2a44b343f9e1,apiculture.qpon,available,2.19,11.49,medium,low,10,namesilo,,,19/09/2026 15:54
5053afab-082f-4982-8b4c-914a8b62ba86,ixl.qpon,premium,640,23.54,medium,low,3,namesilo,,,
2b17dcf5-2033-45db-a600-c24540d52ef6,tawdry.qpon,available,1.99,27.99,medium,low,6,name.com,,,12/08/2026 03:29
998176a4-9f45-4dc2-9cc3-2496fa2aff9a,stunned.qpon,available,2.19,11.49,high,low,7,namesilo,,,22/09/2026 03:44
6456af86-f0cc-4148-bbd2-f02981ee5e9e,waken.qpon,available,1.99,27.99,high,low,5,name.com,,,08/08/2026 00:08
52ea78bd-4a00-4156-893f-6ae106cbbacf,flightless.qpon,available,1.99,27.99,medium,low,10,name.com,,,18/08/2026 08:09
431f20a8-c690-49e8-b561-99a5e6e56974,academics.qpon,available,2.19,11.49,high,low,9,namesilo,,,24/09/2026 02:34
5ebcc587-3844-4f40-ae70-0c5b4a52f7ec,startled.qpon,available,,,medium,low,8,,,,10/09/2026 19:00
118249f0-9189-4d29-9259-e62206a515c1,morris.qpon,premium,640,23.54,high,low,6,namesilo,,,25/09/2026 05:42
cae3b1e6-dda4-4308-a373-f54eacbf10dc,mellon.qpon,available,2.19,11.49,high,low,6,namesilo,,,19/09/2026 04:48
a7ffa635-2959-4bce-802c-ad8dcf6012b3,based.qpon,available,1.99,27.99,high,medium,5,name.com,,,22/09/2026 17:49
3f021bc2-b84f-4623-b2ef-b381838cc363,chorale.qpon,available,1.99,27.99,high,low,7,name.com,,,12/08/2026 07:04
4ce3d467-5583-4e2b-b072-9390e1c1bf3b,batis.qpon,available,2.19,11.49,medium,low,5,namesilo,,,22/09/2026 14:03
9544a56b-19e0-4b20-8817-880886f95eae,ballpoint.qpon,available,2.19,11.49,high,low,9,namesilo,,,21/09/2026 23:21
7817b2b8-88c0-4020-b1a9-fbaf824bcbf4,liaise.qpon,available,1.99,27.99,high,low,6,name.com,,,22/08/2026 08:15
a1c79258-b18d-4ef2-b59f-309e014b269c,relate.qpon,available,1.99,27.99,high,low,6,name.com,,,07/08/2026 07:03
748e1313-4714-46e8-a401-3ea4b6ced9db,genetical.qpon,available,1.99,27.99,medium,low,9,name.com,,,18/08/2026 21:37
69fe8e77-6419-4b60-aeb1-764cf6f59dde,array.qpon,available,2.19,11.49,high,low,5,namesilo,,,20/09/2026 08:50
d4939665-59d2-4af6-b000-47caab925a82,slowness.qpon,available,1.99,,high,low,8,name.com,,,
1605a891-1bdf-412c-ba83-2723abb4fa48,deserving.qpon,available,1.99,27.99,high,low,9,name.com,,,14/08/2026 03:29
3f04bfc3-ed79-4141-b017-e5337933e479,aeolic.qpon,available,2.19,11.49,medium,low,6,namesilo,,,17/09/2026 12:35
c6a94704-d57d-4fa6-94dc-3427574ca6bb,seraphic.qpon,available,1.99,27.99,high,low,8,name.com,,,12/08/2026 04:26
5c875bfb-201f-46b5-99b2-f7011f625219,unsold.qpon,available,,,high,low,6,,,,12/09/2026 20:17
a8210adb-4ca3-46dc-b98f-8b4999f65811,privileged.qpon,available,1.99,,high,low,10,name.com,,,
fa65289b-58b6-4a41-8c08-4263d4406601,belongs.qpon,available,,,high,low,7,,,,25/09/2026 20:38
4d795218-088b-4fe0-bffc-aeb46af8c2f8,gal.qpon,premium,640,23.54,high,low,3,namesilo,,,
a7f49812-e1c8-4a5b-a6af-6ea1035e8b75,yard.qpon,premium,640,23.54,high,low,4,namesilo,,,21/09/2026 11:13
cc1e4588-461b-4ce5-87c8-235a7c673705,queen.qpon,premium,3450,23.54,high,low,5,namesilo,,,
da3db8a6-ae83-49b2-b4b8-360849408899,shane.qpon,available,2.19,11.49,high,low,5,namesilo,,,26/09/2026 03:35
be846af9-3621-4741-975d-e4cecce92503,brassy.qpon,available,1.99,27.99,medium,low,6,name.com,,,11/08/2026 02:33
a5181958-2e1b-4a2a-a7ee-254011f680d4,reflecting.qpon,available,2.19,11.49,high,medium,10,namesilo,,,09/09/2026 12:38
bd602bff-62ea-4d87-a140-0c7e5f2016fa,blackout.qpon,available,2.19,11.49,high,low,8,namesilo,,,18/09/2026 22:20
518e0d06-c725-4b33-a209-fcafbcac24b1,impound.qpon,available,1.99,27.99,high,low,7,name.com,,,12/08/2026 21:04
64fc83ed-21a4-4f43-bea9-47278fafcd08,learn.qpon,available,,,high,medium,5,,,,
b9c60e73-bf8d-4dc5-9c70-db1cfe9d2664,technically.qpon,available,2.19,11.49,high,low,11,namesilo,,,19/09/2026 04:54
ed291d92-57ba-4486-b684-0a09f6d6b22a,chin.qpon,available,1.99,,high,low,4,name.com,,,
dd6219c7-e8ab-409f-a2c2-6fbc43fdafab,basil.qpon,premium,4687.5,27.99,high,low,5,name.com,,,22/09/2026 10:43
c7cf5124-420b-4206-8e30-8438b2c54a83,araneae.qpon,available,2.19,11.49,medium,low,7,namesilo,,,20/09/2026 00:06
847f8371-8cb6-4a8c-8142-3f2a1fdfe33b,potable.qpon,available,1.99,27.99,high,low,7,name.com,,,14/08/2026 19:25
4071fe10-0ae9-4b90-b09f-e87e4d0ac1b5,summoned.qpon,available,1.99,,medium,low,8,name.com,,,
71d265a9-b180-4e5c-abab-cb2aecc6fcb1,reticently.qpon,available,2.19,11.49,medium,low,10,namesilo,,,15/09/2026 23:31
2f9e0ba6-7992-4ea4-afcb-50069b0b5575,subsidiary.qpon,available,2.19,11.49,high,low,10,namesilo,,,22/09/2026 14:17
c270042f-5b72-417f-9b8e-d054e202d966,khat.qpon,available,2.19,11.49,medium,low,4,namesilo,,,17/09/2026 15:23
071b28fa-453a-42e3-b13a-0f5733da02f7,rousing.qpon,available,,,high,medium,7,,,,09/09/2026 19:05
17195763-69b1-41ae-af51-52f7bf94509c,coaches.qpon,available,2.19,11.49,medium,low,7,namesilo,,,20/09/2026 07:46
320b1d0e-796b-4bb3-afb6-b7b3467c65ba,rogue.qpon,available,1.99,,high,low,5,name.com,,,
9393bf94-3828-44ae-ba48-5ca7c56c2f5f,dressing.qpon,premium,3450,23.54,high,low,8,namesilo,,,22/09/2026 00:55
edb9a3a6-d453-468a-8d83-6380c9d751cc,heavenward.qpon,available,1.99,27.99,medium,low,10,name.com,,,21/08/2026 02:31
1b284d2d-424e-47b3-9c91-a03a8ba6e15b,bend.qpon,premium,3450,23.54,high,low,4,namesilo,,,23/09/2026 07:40
704af6ac-079b-4d03-8593-5e53738a31ae,colonized.qpon,available,1.99,27.99,medium,low,9,name.com,,,12/08/2026 17:23
78c281aa-7b3f-4b77-81bd-0dcad115201c,cosmic.qpon,available,1.99,27.99,high,medium,6,name.com,,,13/08/2026 02:54
53263ad5-4e3f-4570-a423-a3fab681d273,livid.qpon,available,1.99,27.99,medium,low,5,name.com,,,07/08/2026 02:24
2ae0b567-aba0-49d9-800a-a63677ddc2bc,cops.qpon,available,2.19,11.49,high,low,4,namesilo,,,18/09/2026 22:05
97738623-ebb5-4067-a580-b88786539c7c,allergic.qpon,available,2.19,11.49,high,low,8,namesilo,,,22/09/2026 01:25
c628d5d9-6e30-49a8-a69e-766840819bae,staccato.qpon,available,1.99,27.99,high,low,8,name.com,,,14/08/2026 09:57
409c32a0-5fb1-4e52-9f25-1d5d0c031c59,monogamous.qpon,available,1.99,27.99,high,low,10,name.com,,,25/08/2026 05:11
b390bb51-0225-4300-85a3-ce8e169e193b,lucrative.qpon,available,2.19,11.49,high,low,9,namesilo,,,25/09/2026 15:34
bd309193-d3ea-45fd-af75-558efbe42572,state.qpon,premium,3450,23.54,high,medium,5,namesilo,,,
59b0de5b-fe8c-47b5-8ca1-0fdb7b418124,lister.qpon,available,2.19,11.49,high,low,6,namesilo,,,22/09/2026 07:14
eb578141-494e-4b7c-849a-273d750cd168,bijou.qpon,available,2.19,11.49,high,low,5,namesilo,,,23/09/2026 15:32
a618a8da-087f-48da-bd75-2149b7e29ccd,sappy.qpon,available,1.99,27.99,medium,low,5,name.com,,,12/08/2026 14:56
409694af-2a03-4b84-acfa-044b388af39c,trailer.qpon,premium,3450,23.54,high,low,7,namesilo,,,22/08/2026 18:43
f30a6835-53f7-4d5d-bcc5-0c2391e8ae94,satiny.qpon,available,2.19,11.49,medium,low,6,namesilo,,,09/09/2026 21:41
e10c37aa-4466-4852-b699-05b5f95b47b4,portend.qpon,available,2.19,11.49,medium,low,7,namesilo,,,21/09/2026 03:29
fbe007df-d836-4673-b20a-fae9ce780b37,want.qpon,premium,937.5,,high,low,4,name.com,,,
422cf80f-bf01-49c4-a4e4-4d944e925938,straggly.qpon,available,1.99,27.99,high,medium,8,name.com,,,09/09/2026 10:04
03b57d78-e503-4533-88c3-b06ff5db6b71,ballast.qpon,available,2.19,11.49,high,low,7,namesilo,,,21/09/2026 22:46
e4406e9b-851b-4892-81bc-622dbbb9637e,touring.qpon,available,1.99,,high,low,7,name.com,,,
37c1581c-6e20-4d96-8e5c-5fc1c3a8219e,acarine.qpon,available,,,medium,low,7,,,,16/09/2026 21:33
eed6e5c8-9ff0-42c6-8fb3-9f0671cf8435,yale.qpon,premium,53.92,23.54,high,low,4,namesilo,,,25/09/2026 05:27
8f3738d3-8cf8-416a-9c92-fa1ce85495e6,copycat.qpon,available,2.19,11.49,high,low,7,namesilo,,,19/09/2026 16:27
e4958cf0-2a70-4ea7-b6ab-c9e7e12790cb,disappointed.qpon,available,1.99,,medium,low,12,name.com,,,
731b8dcb-4830-4f4d-81c9-adc44eeb49f5,jena.qpon,available,2.19,11.49,medium,low,4,namesilo,,,22/09/2026 15:18
f8fa0b46-276d-49b4-8e2b-b2f2b90c2eb8,equatorial.qpon,available,1.99,27.99,high,low,10,name.com,,,17/08/2026 11:40
b69e5e6e-2e5a-4835-8037-09a36f810664,unwrapped.qpon,available,2.19,11.49,high,low,9,namesilo,,,12/09/2026 22:53
8078c1b1-bb79-42f5-86c1-f54e1df341ec,dynamic.qpon,available,2.19,11.49,high,low,7,namesilo,,,24/09/2026 12:41
aeecddcb-e758-4d4b-aa66-a0196d71fe60,carl.qpon,available,2.19,11.49,high,medium,4,namesilo,,,25/09/2026 11:30
1dd47759-e311-44de-923f-68888842a41e,dromedary.qpon,available,2.19,11.49,medium,low,9,namesilo,,,19/09/2026 23:32
4709611b-eeb6-46a2-96d0-cd18e66e4f3c,cometary.qpon,available,1.99,27.99,medium,low,8,name.com,,,12/08/2026 18:56
5a964dde-2a74-444f-9f6c-a9c30a490002,enteral.qpon,available,1.99,27.99,medium,low,7,name.com,,,17/08/2026 09:55
a34d64eb-d132-4247-bd59-5dfc8b74f9c3,hoary.qpon,available,1.99,27.99,medium,low,5,name.com,,,20/08/2026 19:20
6624068e-1f23-4af4-b74a-71a34e32fcdc,entranced.qpon,available,1.99,27.99,medium,low,9,name.com,,,09/08/2026 10:11
fa41d4fa-6b52-4432-8cc8-7a920f7fd9b0,console.qpon,premium,29.5,23.54,high,low,7,namesilo,,,24/09/2026 16:26
1ef11985-39d6-432a-ab19-6dccb791634c,firm.qpon,available,2.19,11.49,high,low,4,namesilo,,,25/09/2026 10:46
49919977-bb45-45cb-b159-39bf2b5d367f,grindle.qpon,available,,,medium,low,7,,,,18/09/2026 21:21
56706796-b18f-4bc8-9d1c-db92411f5b65,taxman.qpon,available,2.19,11.49,medium,low,6,namesilo,,,24/09/2026 16:18
16d25239-dbc4-4fdc-a837-3f917bf35455,slacking.qpon,available,1.99,,medium,low,8,name.com,,,
bd828cc6-0239-451e-a8b8-4bb4289e3aaf,parotid.qpon,available,2.19,11.49,medium,low,7,namesilo,,,08/09/2026 01:50
7671e269-6179-4e75-a077-dd1f08cfb00f,freaky.qpon,available,1.99,27.99,high,low,6,name.com,,,10/08/2026 10:01
ca126999-9302-46a5-abbb-000701677a42,stamford.qpon,premium,640,23.54,high,low,8,namesilo,,,25/09/2026 16:33
b59a427b-42ac-4fa1-bbe5-93fb584ecbbc,beldam.qpon,available,2.19,11.49,medium,low,6,namesilo,,,23/09/2026 04:45
c0fb9481-9f8c-4c35-a23a-273b1571cc5a,sandpapery.qpon,available,,,high,medium,10,,,,09/09/2026 21:13
cd742688-98b0-4e30-a4fe-bc94fa337307,troth.qpon,available,2.19,11.49,medium,low,5,namesilo,,,23/09/2026 11:35
5d7098ca-b324-4c5f-91d8-8c83a7d76ed2,snap.qpon,premium,3450,23.54,high,medium,4,namesilo,,,24/09/2026 01:20
6c4b51ea-58cd-4fe3-8ddc-01822e03a603,illuminate.qpon,available,1.99,27.99,high,low,10,name.com,,,23/08/2026 02:47
271da901-3fd2-41e2-a5a0-dec1ddcf3878,directing.qpon,available,2.19,11.49,high,low,9,namesilo,,,24/09/2026 10:51
72df58d7-c115-44f0-8191-781ac332c301,finance.qpon,premium,3450,23.54,high,medium,7,namesilo,,,23/09/2026 09:19
48ecfae8-67f9-4e92-80fc-3eed53893630,blooming.qpon,available,1.99,27.99,high,low,8,name.com,,,10/08/2026 15:27
2e1a2c80-ec12-4c5e-8d02-639eef261610,bracket.qpon,available,2.19,11.49,high,low,7,namesilo,,,19/09/2026 06:22
1e5ac448-1eef-4c98-8e65-50b2340b70e8,bookstore.qpon,premium,53.92,23.54,high,low,9,namesilo,,,24/09/2026 07:17
7e667030-4b64-482a-acc3-f348d87811af,wellbeing.qpon,available,1.99,,high,low,9,name.com,,,
e40a57fa-98fe-47de-a4c4-ada09ceb6d93,auspices.qpon,available,2.19,11.49,high,low,8,namesilo,,,17/09/2026 12:16
76e47b24-e333-448e-8e46-ae52ea25d943,grumble.qpon,available,1.99,27.99,high,low,7,name.com,,,20/08/2026 20:38
5495b6f6-4d22-4d42-8c2a-0eb64cfcc56a,unloaded.qpon,available,2.19,11.49,medium,low,8,namesilo,,,12/09/2026 15:03
fd6cbb08-dfb2-493d-beec-4efb66e78d9f,noyes.qpon,available,2.19,11.49,high,low,5,namesilo,,,18/09/2026 06:42
d87cf0d6-318e-4fda-8830-fcdbd1844d91,blackfriar.qpon,available,1.99,27.99,medium,low,10,name.com,,,14/08/2026 15:46
9a568f1f-3e23-402e-898d-dad0d6ca4a1f,inundated.qpon,available,1.99,27.99,medium,low,9,name.com,,,08/08/2026 00:29
3283ee58-3260-442d-8c97-3ce17a7b54c9,pitahaya.qpon,available,2.19,11.49,medium,low,8,namesilo,,,16/09/2026 20:46
e7434122-bbd9-4aaf-91db-3f7387fcc40f,dave.qpon,available,1.99,,high,low,4,name.com,,,
24c76ee4-dfd6-4a18-866c-2d4bedfff383,phrases.qpon,available,1.99,,medium,low,7,name.com,,,
bafca514-dded-4b83-b1de-23d5a88043e9,nidifugous.qpon,available,2.19,11.49,low,low,10,namesilo,,,03/09/2026 17:08
dc8760aa-7302-446d-bc20-34db2fcab779,texted.qpon,available,2.19,11.49,medium,low,6,namesilo,,,20/09/2026 17:16
869c001f-76e0-4be6-ad1f-08b8b2b26932,sheep.qpon,available,2.19,11.49,high,low,5,namesilo,,,25/09/2026 10:41
bb733561-9e4b-4236-80b0-3cdaedb5a644,proficiency.qpon,available,1.99,,high,low,11,name.com,,,
fdf0b384-395e-47d4-b6ac-a2f2debb60c3,zoftig.qpon,available,2.19,11.49,medium,low,6,namesilo,,,13/09/2026 14:58
99ef21a4-95e1-49af-84f1-f7c8fb53dc39,blatta.qpon,available,2.19,11.49,medium,low,6,namesilo,,,24/09/2026 04:54
1c0169a6-db7d-47c0-828b-5a1dbcb89cf8,lackey.qpon,available,2.19,11.49,medium,low,6,namesilo,,,20/09/2026 15:38
24aa9feb-4133-480b-92bd-da1e0312eaef,areola.qpon,available,2.19,11.49,medium,low,6,namesilo,,,20/09/2026 03:49
2e5677ff-ff70-4e7d-9c2e-0ac8a2de080d,cecilia.qpon,available,1.99,27.99,medium,low,7,name.com,,,26/09/2026 03:37
7ec70b16-64d9-4a54-a6f9-b16c8197aa6e,unmeasured.qpon,available,1.99,27.99,medium,low,10,name.com,,,21/08/2026 20:53
6c821081-fa7e-416f-b776-93a9513f55b9,lilac.qpon,available,1.99,27.99,high,low,5,name.com,,,22/08/2026 21:04
62d22dfa-d70b-47ac-bddc-b96efeae1bef,operator.qpon,available,2.19,11.49,high,low,8,namesilo,,,25/09/2026 23:32
c6876f30-d952-407d-9eb6-3c89c3a5ab21,precisely.qpon,available,2.19,11.49,high,low,9,namesilo,,,04/09/2026 14:15
2ba6b86f-cc9e-4fe3-8874-1d700b3126e9,lots.qpon,premium,302.5,23.54,high,low,4,namesilo,,,
8edeeae7-b0d5-4a67-9b75-57ddc5fd733a,council.qpon,available,1.99,27.99,high,low,7,name.com,,,24/09/2026 18:38
78bd9ce1-03b8-4da8-b107-528d11cd5f80,charts.qpon,available,2.19,11.49,high,low,6,namesilo,,,18/09/2026 23:12
183836ce-2934-4144-a410-0630fdf9e874,footless.qpon,available,1.99,27.99,medium,low,8,name.com,,,18/08/2026 10:45
ac0bb86f-bb40-40d4-8759-9f561c4e59de,teens.qpon,premium,3450,23.54,high,low,5,namesilo,,,
174ba72b-82b0-4dcc-bf87-18b13451e39b,serbs.qpon,available,2.19,11.49,medium,low,5,namesilo,,,20/09/2026 12:11
afcc1283-8c97-4625-a570-452faf59e82e,alaric.qpon,available,2.19,11.49,high,low,6,namesilo,,,18/09/2026 01:52
9226f56f-6968-4458-b32b-49eabb67daa4,hemp.qpon,premium,3450,23.54,high,low,4,namesilo,,,24/09/2026 12:04
79596f08-d6e3-4c5c-9b16-fae8a370da19,spf.qpon,premium,640,23.54,high,low,3,namesilo,,,25/09/2026 17:19
c3355a09-b2fd-4435-a3ec-0e56965e0d24,prn.qpon,available,,,medium,low,3,,,,13/09/2026 21:26
d927e5a7-16f4-483f-b7d4-1843f04b1851,biodefense.qpon,available,,,medium,low,10,,,,23/09/2026 17:48
236e1299-02ae-47bd-bc26-d21764e79156,unassisted.qpon,available,2.19,11.49,high,medium,10,namesilo,,,10/09/2026 08:26
f73f25c5-d678-493b-82a7-a912fff46ab1,stared.qpon,available,2.19,11.49,medium,low,6,namesilo,,,18/09/2026 02:18
f8c2b43f-35ba-4767-9cc2-0f7eaee11942,distance.qpon,available,1.99,,high,low,8,name.com,,,
d470238d-a6a0-41d4-879a-9f343271a06c,baseball.qpon,premium,640,23.54,high,low,8,namesilo,,,
d992bbf5-7cf6-401d-9b98-99561a396e76,deadline.qpon,available,1.99,,high,low,8,name.com,,,
63638baf-b24a-4f2c-ab1f-e294eec09eeb,vaughan.qpon,premium,302.5,23.54,high,low,7,namesilo,,,25/09/2026 10:35
5b0f5998-2640-4380-a59c-32823674a417,fire.qpon,premium,3450,23.54,high,high,4,namesilo,,,24/09/2026 19:12
802ae3b6-923d-4ff9-81c1-abc3b2b8bb8f,scar.qpon,premium,640,23.54,high,low,4,namesilo,,,24/09/2026 15:00
f0d01fad-16be-471a-bea9-237125cd8a4a,amine.qpon,available,2.19,11.49,high,low,5,namesilo,,,18/09/2026 21:41
96041e88-39fa-483a-aae0-56bc653b6d3e,wind.qpon,available,1.99,,high,low,4,name.com,,,
c4f9b817-6bc0-490d-b54c-e94456de1c33,cdc.qpon,premium,640,23.54,high,low,3,namesilo,,,25/09/2026 22:11
d214b8ff-fd0d-4b0a-8293-8552905dff7e,rakish.qpon,available,1.99,27.99,medium,low,6,name.com,,,13/08/2026 17:34
9206fe19-407a-47b6-9324-5c521f21ac73,swampy.qpon,available,1.99,27.99,medium,low,6,name.com,,,10/08/2026 17:18
7ec49372-9e21-4626-a0db-9c1d944ffea1,nifty.qpon,available,,,high,low,5,,,,
64b189ab-e7ff-4623-90e5-fd78d57ce739,deception.qpon,available,2.19,11.49,high,low,9,namesilo,,,24/09/2026 17:22
a2702c1d-3b2b-47f8-b017-defe0e649e64,swanky.qpon,available,2.19,11.49,high,low,6,namesilo,,,11/09/2026 05:15
c535860a-0d7d-4cbf-8daf-31a0914c8ec6,johnny.qpon,available,2.19,11.49,high,low,6,namesilo,,,25/09/2026 06:45
8f366749-9355-42c9-8892-00bc1e5c4810,rep.qpon,premium,3450,23.54,high,low,3,namesilo,,,
e241730c-70e4-4c59-b17d-084760756b89,everett.qpon,premium,3450,23.54,high,low,7,namesilo,,,25/09/2026 21:45
33bfac66-9bb9-4b15-af14-2b24ae825d13,intramural.qpon,available,1.99,27.99,high,low,10,name.com,,,22/08/2026 08:43
389bb100-e16d-48d1-95fc-d02c72e45434,expertise.qpon,available,1.99,,high,low,9,name.com,,,
209d0eed-be4c-4a24-a678-5eef29c31e45,uric.qpon,available,2.19,11.49,medium,low,4,namesilo,,,12/09/2026 23:37
10d9d76a-a48c-4889-a6d6-085b99902588,amalgamate.qpon,available,2.19,11.49,high,low,10,namesilo,,,22/09/2026 03:01
6168441c-cc13-4ca0-9347-307e50b52c4d,skimmed.qpon,available,2.19,11.49,medium,low,7,namesilo,,,10/09/2026 09:34
a8282cc0-aebe-4e48-b6cb-dee438b09818,reviving.qpon,available,2.19,11.49,high,low,8,namesilo,,,09/09/2026 14:08
b53e518f-dedb-4f09-b2e8-292f04c5f898,forrad.qpon,available,1.99,27.99,medium,low,6,name.com,,,18/08/2026 12:58
e4f9a03c-d7df-40aa-a2df-56335585c83d,stemma.qpon,available,2.19,11.49,medium,low,6,namesilo,,,08/09/2026 13:29
268dcab7-accf-4d8a-9507-a5cb55b3e8a7,ministrant.qpon,available,1.99,27.99,medium,low,10,name.com,,,24/08/2026 23:57
68b7082f-6d44-48c6-845e-7b3f3af08a50,sunstone.qpon,available,2.19,11.49,high,low,8,namesilo,,,21/09/2026 09:07
30edfbab-2e1b-4870-af53-30ad3266fa41,panoptic.qpon,available,1.99,27.99,medium,low,8,name.com,,,
0d637e51-4002-47cd-84a8-c0efefb5fe2f,hit.qpon,premium,3450,23.54,high,high,3,namesilo,,,26/09/2026 00:03
2959eb89-2301-4737-9726-3fecd2d4a11f,xeric.qpon,available,1.99,27.99,medium,low,5,name.com,,,13/09/2026 14:07
256f896d-e1b2-4433-858e-b09ae8badbe9,cupid.qpon,available,2.19,11.49,high,low,5,namesilo,,,18/09/2026 22:35
0882346a-138d-493e-aed3-72867d3914bf,cathy.qpon,available,2.19,11.49,high,low,5,namesilo,,,17/09/2026 16:36
7e193461-c364-4e39-80b0-aa593d021996,nighttime.qpon,available,1.99,,high,low,9,name.com,,,
2c439481-c553-4716-be6a-ef86e42aeabb,unisex.qpon,available,2.19,11.49,high,low,6,namesilo,,,12/09/2026 13:52
95248acf-10fa-40df-9d1f-22e1600f4637,recurrent.qpon,available,2.19,11.49,high,low,9,namesilo,,,09/09/2026 11:57
06017375-3b00-4b0a-bcad-9dfd1e148dfd,bile.qpon,available,2.19,11.49,medium,low,4,namesilo,,,23/09/2026 15:41
72d8d973-983c-4799-bca3-b9bbfa7f8bae,titus.qpon,available,2.19,11.49,high,low,5,namesilo,,,25/09/2026 05:37
210adeb7-3a45-4fe4-b460-6204fd2aa191,empyrean.qpon,available,1.99,27.99,medium,low,8,name.com,,,16/08/2026 20:51
b72d3d90-a9ed-4eba-a27b-9e6a2c7f5095,pickups.qpon,premium,3450,23.54,medium,low,7,namesilo,,,20/09/2026 05:31
46e8c27a-71bb-4463-bdac-e05db61191c0,arsenide.qpon,available,2.19,11.49,medium,low,8,namesilo,,,20/09/2026 09:41
26fa9331-7410-4bae-848d-ac00c2be0a72,shockingly.qpon,available,2.19,11.49,medium,low,10,namesilo,,,16/09/2026 01:31
2b373cd8-9325-4bff-9324-0d386936755a,hatched.qpon,available,1.99,27.99,high,low,7,name.com,,,13/08/2026 08:20
5c47d384-b555-4fe9-adda-2911e2cb1d43,belike.qpon,available,2.19,11.49,medium,low,7,namesilo,,,04/09/2026 04:45
8f937885-207a-4e10-a526-2cae4f09617b,geniculate.qpon,available,1.99,27.99,high,low,10,name.com,,,18/08/2026 21:38
f8988491-64b0-495c-8ad3-a4e39f24086a,americana.qpon,available,,,high,low,9,,,,18/09/2026 21:03
c707119e-75c5-4cd0-b426-6c3c9b5390db,barbecues.qpon,available,2.19,11.49,medium,low,9,namesilo,,,21/09/2026 08:34
5070e7b1-c66a-40c6-ab24-fede55aeabfc,log.qpon,premium,640,23.54,high,low,3,namesilo,,,
1fd8022f-8794-40be-b381-4ad79660a2c4,socialised.qpon,available,2.19,11.49,medium,low,10,namesilo,,,10/09/2026 13:14
63664c39-700a-454c-9e05-161fb63e02d8,uncomfortably.qpon,available,1.99,,low,low,13,name.com,,,
b8d855e9-40cc-4c95-a548-01682d9712e6,baraka.qpon,available,2.19,11.49,high,low,6,namesilo,,,22/09/2026 04:07
8134f1ad-eaa0-43f2-8571-be1a3aef0b54,grains.qpon,available,1.99,,high,low,6,name.com,,,
80327410-b872-4e6b-b212-b093b5357965,invincibly.qpon,available,1.99,27.99,medium,low,10,name.com,,,15/09/2026 09:08
c8432423-82e3-4a3b-9c79-6f2c4d5b4133,rococo.qpon,available,,,high,low,6,,,,09/09/2026 18:12
5f768141-b6b4-45d7-b21a-b4cf8a92f547,bargello.qpon,available,2.19,11.49,medium,low,8,namesilo,,,22/09/2026 05:48
22466c1b-79dd-4be6-a308-cad83bfe0d3f,discovered.qpon,available,2.19,11.49,high,low,10,namesilo,,,22/09/2026 09:21
0c5c136d-6dfc-4329-bf67-1f361a974057,aphoristic.qpon,available,1.99,27.99,medium,low,10,name.com,,,05/08/2026 23:31
c79df108-e36a-49d5-b10d-b0e807e13f3c,teaching.qpon,premium,640,23.54,high,low,8,namesilo,,,24/09/2026 22:15
e593b072-2a28-418a-8125-d48947f50b2f,martian.qpon,available,1.99,27.99,high,low,7,name.com,,,24/08/2026 16:37
755432f5-2c1b-49af-b211-40b5cc0cc84b,chargeable.qpon,available,1.99,27.99,medium,low,10,name.com,,,12/08/2026 02:27
09f312e8-e4d2-41f7-8ce6-55f6f11a901e,benthal.qpon,available,1.99,27.99,medium,low,7,name.com,,,09/08/2026 14:47
ba347eb7-bde4-4aa4-abd1-4e012ffad747,squanderer.qpon,available,2.19,11.49,medium,low,10,namesilo,,,09/09/2026 02:39
0f1d626e-8530-400b-80b5-850d35f48c7c,spinous.qpon,available,1.99,27.99,medium,low,7,name.com,,,
eee70b1c-6bcc-4e08-bb97-49cf9719e32a,consonant.qpon,available,1.99,27.99,high,low,9,name.com,,,12/08/2026 20:14
68165207-1e0d-4b55-b597-e27c4672addd,discursive.qpon,available,1.99,27.99,medium,low,10,name.com,,,14/08/2026 06:00
520dcf99-a80b-4e0b-868c-64a5ca0b2b84,willful.qpon,available,1.99,27.99,medium,low,7,name.com,,,18/08/2026 16:37
62019a84-30b7-4ad6-b2d3-a7f63ab0892d,pivot.qpon,available,1.99,,high,low,5,name.com,,,
a1a2f370-78fa-4406-bf6e-8db654fdfd48,abeyance.qpon,available,2.19,11.49,medium,low,8,namesilo,,,16/09/2026 15:20
e93af6e5-d8f4-436c-bb0c-65fa82d210e0,slug.qpon,available,2.19,11.49,high,low,4,namesilo,,,23/09/2026 13:52
654c2bf2-f652-4eba-851e-16223a036954,facility.qpon,available,1.99,,high,low,8,name.com,,,
aad8df14-188f-4613-893f-5b6727fd6261,madrid.qpon,premium,3450,23.54,high,low,6,namesilo,,,
1943664d-755a-4b4f-b7cf-43b51a8eb973,larghetto.qpon,available,1.99,27.99,medium,low,9,name.com,,,22/08/2026 19:57
f3d45335-1697-4409-841c-c54cc740ed0e,fateful.qpon,available,1.99,27.99,medium,low,7,name.com,,,11/08/2026 13:32
6ebf6315-8ad2-49f8-ad7d-acf1b5cb0db4,text.qpon,available,,,high,medium,4,,,,
9b820df4-6ce9-4063-ad0a-f703d36bfeb1,amplitude.qpon,available,2.19,11.49,high,low,9,namesilo,,,18/09/2026 23:46
861c5b74-a6d4-42d4-ae2c-cc297f67019d,allison.qpon,available,,,medium,low,7,,,,25/09/2026 17:48
b44bb3d1-123a-4c1d-9157-81127118f02e,cap.qpon,premium,640,23.54,high,low,3,namesilo,,,
67ad1957-ebff-4402-ac31-7a08e1bee80f,corruption.qpon,available,1.99,,medium,low,10,name.com,,,
79f876b0-4b9d-41fb-b2b1-1785e8f99147,reasoned.qpon,available,2.19,11.49,high,low,8,namesilo,,,09/09/2026 11:08
975fdef6-6a47-4d30-aa58-3e39c30fbb50,bazaar.qpon,available,,,high,low,6,,,,22/09/2026 18:20
a160534e-3d43-4b42-9490-df86efa37db9,stoneless.qpon,available,,,low,low,9,,,,10/09/2026 21:12
6fe6ef3b-1240-47e0-ad32-5be846856119,ethical.qpon,available,2.19,11.49,high,low,7,namesilo,,,19/09/2026 14:49
be266cf4-5f6d-4732-a46f-c8b24f16eacd,integrate.qpon,available,2.19,11.49,high,low,9,namesilo,,,24/09/2026 06:03
f20c7c92-cb98-4183-ad6a-bb43f5197999,loverly.qpon,available,1.99,27.99,medium,low,7,name.com,,,24/08/2026 10:16
e16ec59b-4775-4782-a77b-a39b8c7fbc6e,kweek.qpon,available,,,medium,low,5,,,,21/09/2026 18:35
5fe71a8c-f0a2-4820-ba5b-4015ea4c9ed5,asimov.qpon,available,2.19,11.49,high,low,6,namesilo,,,20/09/2026 14:15
414b2329-a405-4adf-b025-a0a685feb356,ovate.qpon,available,1.99,27.99,high,low,5,name.com,,,15/08/2026 18:03
8099cf54-6c52-4337-a8d5-bb84281a89d5,pleading.qpon,available,1.99,27.99,medium,low,8,name.com,,,09/08/2026 15:21
81acc29f-6315-413a-bb9d-66d0c42568a7,indwelling.qpon,available,1.99,27.99,high,low,10,name.com,,,22/08/2026 03:37
2f708f86-7033-4c53-a9d1-9b273d46715f,ribless.qpon,available,2.19,11.49,medium,low,7,namesilo,,,09/09/2026 17:15
b30e4676-5a5e-4e03-87d4-96bc06bd2860,bucket.qpon,available,1.99,,high,low,6,name.com,,,
686e080e-7252-4f6f-88d0-b40ac2032f7f,whippy.qpon,available,2.19,11.49,medium,low,6,namesilo,,,13/09/2026 11:26
88ee2b5d-4647-4f6c-9200-73e2dda65a90,rodin.qpon,available,2.19,11.49,high,low,5,namesilo,,,21/09/2026 03:57
7bd8065f-9550-4690-a152-7834cdfc1c86,excavation.qpon,available,2.19,11.49,high,low,10,namesilo,,,20/09/2026 01:55
38a55eef-fc5b-498c-bb13-a247aa358f61,needs.qpon,available,1.99,,high,low,5,name.com,,,
bb51e535-e7ed-475b-856c-934277ba8b21,autonomy.qpon,available,2.19,11.49,high,low,8,namesilo,,,21/09/2026 07:27
7d36b247-bf35-4460-90db-73a0a958b268,unmanned.qpon,available,2.19,11.49,high,low,8,namesilo,,,09/09/2026 13:50
5281c765-eccd-4cc3-98a7-c7eb849112f1,upbound.qpon,available,2.19,11.49,medium,low,7,namesilo,,,12/09/2026 23:02
b85a356b-ec78-4c99-be11-1d077e57f96d,surgically.qpon,available,2.19,11.49,medium,low,10,namesilo,,,16/09/2026 07:41
4e4507b5-2273-4c93-b526-64d672593b27,deflated.qpon,available,1.99,27.99,medium,low,8,name.com,,,12/08/2026 02:17
90930469-5634-45f3-83da-be95abcd59e7,exegetic.qpon,available,1.99,27.99,medium,low,8,name.com,,,17/08/2026 16:59
23f73ee1-05d9-4053-8b6c-0b42d8d96a9a,brutally.qpon,available,2.19,11.49,medium,low,8,namesilo,,,14/09/2026 01:41
d0d14d8b-2a1d-438d-bb5f-c765758a6047,effeminate.qpon,available,1.99,27.99,medium,low,10,name.com,,,12/08/2026 08:34
81692e87-c207-4305-8503-6c9c768c82e7,certainty.qpon,available,2.19,11.49,high,low,9,namesilo,,,24/09/2026 13:39
a36883a8-0d2a-4773-a4f7-7506f61cfcc6,cot.qpon,available,,,high,low,3,,,,
f31f0516-bee6-4874-8f55-91f8317afcbc,paradise.qpon,premium,3450,23.54,high,low,8,namesilo,,,25/09/2026 22:31
cdb9dcd4-5e16-4792-bc69-cbeb9f221ca0,tardy.qpon,available,1.99,27.99,medium,low,5,name.com,,,09/08/2026 12:42
adf5a1f9-f448-4bf7-878b-ebed5beb1e50,hello.qpon,premium,3450,23.54,high,high,5,namesilo,,,
e486b081-7671-40f9-add5-21dcb8fb5948,emphasise.qpon,available,2.19,11.49,high,low,9,namesilo,,,16/09/2026 21:53
4f808af0-3b43-4497-aa9e-318f01e4fe17,actuality.qpon,available,2.19,11.49,high,low,9,namesilo,,,17/09/2026 05:19
d11f0873-3e1c-4ef9-9eae-bad68db77b62,poorly.qpon,available,2.19,11.49,medium,low,6,namesilo,,,25/09/2026 07:34
0864192b-3066-426f-8a8a-5b6893d574db,abuzz.qpon,available,1.99,27.99,medium,low,5,name.com,,,
2a9dd5ff-6a80-4b51-a282-187c8883959b,heading.qpon,available,2.19,11.49,high,low,7,namesilo,,,25/09/2026 07:40
309fb1c7-9432-43f9-8aa1-d274f391ff91,sounding.qpon,available,2.19,11.49,high,low,8,namesilo,,,25/09/2026 14:20
31c4ec78-ec4b-460e-9847-b2d0b07fb13a,bonnily.qpon,available,2.19,11.49,medium,low,7,namesilo,,,14/09/2026 01:04
4027b875-e534-44fe-98b3-3094c7aea917,shamed.qpon,available,1.99,27.99,medium,low,6,name.com,,,14/08/2026 10:25
b332941d-a856-4360-ab41-b77a226e1a71,resilient.qpon,available,1.99,27.99,high,low,9,name.com,,,10/08/2026 21:47
6f5afb61-d066-49cf-b41d-bd61e88a6f08,bahasa.qpon,premium,3450,23.54,medium,low,6,namesilo,,,21/09/2026 18:41
82372af5-7db6-423e-8388-af35a87acdf0,belching.qpon,available,2.19,11.49,medium,low,8,namesilo,,,23/09/2026 04:36
af7fd4bb-e9f6-493e-abda-28eb98392cc4,fissure.qpon,available,1.99,27.99,high,low,7,name.com,,,13/08/2026 04:18
d667b94d-7efa-43ea-b66b-336bf929405a,countable.qpon,available,1.99,27.99,high,low,9,name.com,,,13/08/2026 03:28
ef3e5aa1-154d-44b3-8403-5eabca9c3b1f,bubbling.qpon,available,1.99,27.99,high,low,8,name.com,,,11/08/2026 07:15
b81ddfc2-44ba-4247-8089-ba05b7071ea7,baku.qpon,available,,,high,low,4,,,,21/09/2026 20:24
283271de-3869-4253-8079-2e2f3b8273c6,fabulously.qpon,available,2.19,11.49,medium,low,10,namesilo,,,14/09/2026 17:19
c9670c90-23f7-451f-8793-91027100126e,might.qpon,available,1.99,,high,low,5,name.com,,,
6d3e1e5f-c5d0-4f47-a8af-f4d503897409,dissent.qpon,available,1.99,,high,low,7,name.com,,,
bb01a60b-1642-4958-b6a5-9b52c1ad8abf,absolution.qpon,available,,,high,low,10,,,,16/09/2026 17:57
646d2d68-2d7f-46bf-b577-7af9b75a40ba,argonauta.qpon,available,2.19,11.49,medium,low,9,namesilo,,,20/09/2026 04:32
8eba47b6-adcc-4863-9b48-6345d1955923,bestseller.qpon,premium,53.92,23.54,high,low,10,namesilo,,,23/09/2026 10:31
06cb9821-2512-458d-8763-fef9842285be,unfamiliar.qpon,available,2.19,11.49,high,low,10,namesilo,,,12/09/2026 09:55
c9f28011-5f24-480d-8ac5-2c6e2f7da142,times.qpon,premium,4687.5,,high,low,5,name.com,,,
f0b15ab9-5f60-4da9-ad28-3c9234fcb760,commonsense.qpon,available,1.99,,high,low,12,name.com,,,
e8da934e-06f5-450b-9ed3-1678533af424,canada.qpon,available,,,high,high,6,,,,
9bbfca41-e72c-4f47-8cab-dc41282859cb,gaseous.qpon,available,1.99,27.99,medium,low,7,name.com,,,18/08/2026 20:25
ec4b8724-7bfb-4ca4-9ab0-019e956267dd,combined.qpon,available,1.99,27.99,high,low,8,name.com,,,12/08/2026 18:36
307f7264-d347-4317-b377-762e61ae0011,bagatelle.qpon,available,,,medium,low,9,,,,21/09/2026 17:53
356d795e-a93b-4176-beed-8d943010c065,palladio.qpon,available,2.19,11.49,high,low,8,namesilo,,,19/09/2026 04:26
d96c40e5-2945-4ae6-82ef-a91cf70f6474,volume.qpon,available,1.99,,high,low,6,name.com,,,
40f33ff2-af3d-4c52-ac4d-46d40d6257f0,repetitive.qpon,available,1.99,27.99,medium,low,10,name.com,,,22/08/2026 07:14
136cbc8c-6680-45cb-b718-ebea32f57df5,captain.qpon,available,1.99,,high,low,7,name.com,,,
62d47067-1384-4b94-9048-e034208e362c,advisor.qpon,available,2.19,11.49,high,low,7,namesilo,,,25/09/2026 05:10
46322511-d3a5-493e-a852-984914d7e986,fermium.qpon,available,2.19,11.49,medium,low,7,namesilo,,,20/09/2026 21:55
8a9e3837-a310-4727-b417-ef9713180d19,monkeypod.qpon,available,2.19,11.49,medium,low,9,namesilo,,,18/09/2026 03:14
12deb608-eb08-4c9a-8d66-d0878b9e2c74,colorful.qpon,available,1.99,27.99,high,low,8,name.com,,,12/08/2026 17:48
e55644dd-6daf-49d7-9cb0-03f9769b6b9b,verdin.qpon,available,1.99,27.99,medium,low,6,name.com,,,21/09/2026 04:27
fba0c68a-8e9f-42fa-8c8e-f62a7b23193b,brotherhood.qpon,available,1.99,,high,low,11,name.com,,,
49e04f87-45f0-4108-9308-c9aa5dc81edc,romani.qpon,available,1.99,27.99,high,low,6,name.com,,,10/08/2026 17:29
7fc47d71-0f8b-4a59-ba4b-c8a767e1848c,growth.qpon,available,2.19,11.49,high,medium,6,namesilo,,,19/09/2026 11:42
52984980-fa46-45de-9a7f-dcef1c906c6b,somebody.qpon,available,2.19,11.49,high,low,8,namesilo,,,25/09/2026 17:05
80b4bb1d-6a0c-4002-a742-b9dd76968e69,hypothetic.qpon,available,1.99,27.99,medium,low,10,name.com,,,12/08/2026 22:01
4c97f1dc-87df-416d-af3f-09fd20ae4aa8,behavior.qpon,available,2.19,11.49,high,low,8,namesilo,,,23/09/2026 03:06
9fa44e09-3ef3-4c0e-8ce3-12038a1ea94e,asymmetric.qpon,available,1.99,27.99,medium,low,10,name.com,,,07/08/2026 10:25
5cd7a384-3df0-4472-a8ba-d7e009f7c258,aspherical.qpon,available,1.99,27.99,medium,low,10,name.com,,,07/08/2026 04:57
50616987-81d1-4eb5-a155-1d5981ec1b2d,besotted.qpon,available,1.99,27.99,medium,low,8,name.com,,,09/08/2026 15:27
33be32a8-121f-4049-9831-484a4ecaa480,sticks.qpon,available,2.19,11.49,high,low,6,namesilo,,,17/09/2026 01:53
5570e616-86fb-4e56-8277-f9cea552b470,periodical.qpon,available,2.19,11.49,high,low,10,namesilo,,,08/09/2026 17:13
905a1aed-d83c-4718-b813-1ac920fde739,adhd.qpon,available,2.19,11.49,high,medium,4,namesilo,,,17/09/2026 06:35
d6735684-e40e-4809-88f2-ad6de6ea3d2e,receive.qpon,available,1.99,,high,low,7,name.com,,,
229c81d0-fabc-47ff-b59c-c0a02684a56e,airily.qpon,available,2.19,11.49,medium,low,6,namesilo,,,13/09/2026 18:31
6e07f02e-d673-443b-a096-d434411e3f32,timorous.qpon,available,2.19,11.49,medium,low,8,namesilo,,,11/09/2026 16:05
89a62392-9e7b-43c4-bbc0-10561c54d192,conqueror.qpon,available,2.19,11.49,high,low,9,namesilo,,,24/09/2026 17:25
0b825a39-bc68-4f05-bc66-2d5a4ea10737,punctual.qpon,available,2.19,11.49,high,medium,8,namesilo,,,09/09/2026 05:58
f50ae828-fe74-4d88-973c-a94d91b207a9,dumb.qpon,available,1.99,27.99,high,low,4,name.com,,,14/08/2026 21:03
d0f2651c-d9a5-4386-8112-6e2863944bc6,compete.qpon,available,1.99,,high,low,7,name.com,,,
64a656bf-a08d-4849-8d96-d1d88fdaac1b,coffee.qpon,premium,3450,23.54,high,medium,6,namesilo,,,
5c305ad8-a172-4479-bdae-a3e488fa577b,xanax.qpon,available,2.19,11.49,medium,low,5,namesilo,,,18/09/2026 14:09
052071ef-0997-475d-aa76-4116897c857c,venter.qpon,available,2.19,11.49,medium,low,6,namesilo,,,16/09/2026 14:46
60b62d44-90f1-43fa-b020-dfea9dee0297,bitterroot.qpon,available,2.19,11.49,medium,low,10,namesilo,,,23/09/2026 23:08
0f98485b-2876-4715-a0ac-7e32c18bc858,darkening.qpon,available,1.99,27.99,medium,low,9,name.com,,,13/08/2026 18:10
f7e1324f-b0c7-4da5-835a-7202045c93a0,constructive.qpon,available,1.99,,high,low,12,name.com,,,
0a8033a9-cb5d-4d7e-812e-5d9128504048,ram.qpon,premium,640,23.54,high,low,3,namesilo,,,20/09/2026 05:25
073c2baf-dd4c-4d12-92c7-3ffb06a24b42,kilometer.qpon,available,1.99,,high,low,9,name.com,,,
b47da8ab-8170-44d4-b083-fd50ff39c26d,arpeggio.qpon,available,2.19,11.49,high,low,8,namesilo,,,20/09/2026 08:37
c58a4a42-03b3-406a-a0a5-e1e88c3165d7,looks.qpon,available,1.99,,high,low,5,name.com,,,
cbb32262-a7dd-4fde-ab25-826f28ae3367,shipboard.qpon,available,2.19,11.49,high,medium,9,namesilo,,,10/09/2026 06:35
0e073f5a-df33-4e5c-a8df-9232756a690a,succinctly.qpon,available,2.19,11.49,medium,low,10,namesilo,,,16/09/2026 07:34
e1a929ff-dd9f-4262-b1f0-7eaabf51c6de,delimited.qpon,available,1.99,27.99,medium,low,9,name.com,,,10/08/2026 21:54
93b8f7b5-d7da-4c96-8eb1-3a9b6c9aa512,upstairs.qpon,available,1.99,,high,low,8,name.com,,,
760129e6-aad7-420b-8293-114e4322fa50,reversion.qpon,available,2.19,11.49,high,low,9,namesilo,,,09/09/2026 16:19
15a5d3e9-fb8b-415d-b936-2727ef99dca2,primarily.qpon,available,1.99,,high,low,9,name.com,,,
c32b5179-95a3-40f9-8dca-0ed569e500b1,ramble.qpon,available,1.99,27.99,high,low,6,name.com,,,10/09/2026 22:10
70495561-308c-40f6-ba3d-c47e4d84e91f,advanced.qpon,available,2.19,11.49,high,low,8,namesilo,,,21/09/2026 20:46
b8d59c12-7ddc-47f2-9819-97e27566584c,consecrate.qpon,available,1.99,27.99,high,low,10,name.com,,,12/08/2026 22:25
26e15246-17e3-43f0-a6a9-7bf8c494716d,somerville.qpon,premium,3450,23.54,medium,low,10,namesilo,,,27/09/2026 01:44
ae24f7ec-1abd-47dd-8f25-3bddf06b37e9,currish.qpon,available,1.99,27.99,low,low,7,name.com,,,13/08/2026 11:31
9963e4c0-71c6-41c5-b482-d37b1e71216b,ateles.qpon,available,,,medium,low,6,,,,20/09/2026 20:01
1bdda053-a2a5-46da-ab0a-d84b44431eb6,betoken.qpon,available,2.19,11.49,high,low,7,namesilo,,,21/09/2026 03:31
de7f3a9e-685b-43ee-ac2a-efe7d0e17f56,teetotal.qpon,available,2.19,11.49,medium,low,8,namesilo,,,11/09/2026 10:14
3cac4f9b-fac8-4225-b593-889fba654295,weather.qpon,premium,640,23.54,high,medium,7,namesilo,,,23/09/2026 02:29
aa5a23c1-a906-47cb-94e5-6fb3f7436102,appendix.qpon,available,,,high,low,8,,,,19/09/2026 20:40
493d8a39-cbf4-4c66-af3c-7061309ec030,analogist.qpon,available,2.19,11.49,high,low,9,namesilo,,,19/09/2026 01:52
5e4f1250-1294-4621-b4ed-e605d13687f1,conk.qpon,available,1.99,27.99,medium,low,4,name.com,,,17/08/2026 21:08
d6374526-344a-413f-9919-ae9edf8d884b,argive.qpon,available,1.99,27.99,medium,low,6,name.com,,,06/08/2026 18:27
ae03dd43-0dd6-4d8b-99d4-c43210f540b4,refreshment.qpon,available,2.19,11.49,high,low,11,namesilo,,,19/09/2026 14:11
70f4419a-0112-4e92-946a-8c20cdc26f98,homey.qpon,available,1.99,27.99,high,low,5,name.com,,,21/08/2026 11:06
d99e600a-150e-4fef-9838-2ae7ac2ac843,unhindered.qpon,available,2.19,11.49,high,low,10,namesilo,,,12/09/2026 11:55
1d1fd7c4-f38e-4078-96b4-0cd9fe4814cf,bedewed.qpon,available,1.99,27.99,low,low,7,name.com,,,09/08/2026 06:46
80a35995-c11b-4052-a7af-cc3d1f4631da,dachshund.qpon,premium,3450,23.54,high,low,9,namesilo,,,21/09/2026 17:04
3c0c0cdc-75e2-4866-8e3c-9f1d748bc8d4,beverly.qpon,available,,,high,low,7,,,,25/09/2026 21:21
7a1b9750-b17c-4ba7-bd94-74f8fd93c13e,silently.qpon,available,2.19,11.49,medium,low,8,namesilo,,,15/09/2026 15:52
476bb343-7576-447c-ba37-68be6daaf81d,rangy.qpon,available,1.99,27.99,medium,low,5,name.com,,,18/08/2026 20:13
459a733c-a1f9-4c09-bd93-23a29059fe29,addicted.qpon,available,2.19,11.49,high,low,8,namesilo,,,21/09/2026 17:07
0100f1f5-93d5-4b01-a633-c32830901433,hammer.qpon,available,,,high,low,6,,,,
25b5493f-ebe6-4f11-9ca4-5cd029801f1b,denny.qpon,available,2.19,11.49,high,low,5,namesilo,,,25/09/2026 15:22
9ab86b32-42f0-4fa2-a9ab-ecc476d1d039,navy.qpon,premium,4687.5,,high,low,4,name.com,,,
094262f5-a7af-4e31-ba0d-0bf9502b9934,influent.qpon,available,1.99,27.99,high,low,8,name.com,,,22/08/2026 04:36
38d9e145-2870-46be-a7e0-8fc7874a43ea,isosceles.qpon,available,1.99,27.99,high,low,9,name.com,,,22/08/2026 11:16
7bf93fd0-7182-47dd-b1f0-5ba619d9158c,shrinkable.qpon,available,2.19,11.49,high,medium,10,namesilo,,,10/09/2026 06:57
1895984d-0748-4432-a151-1ca6b8f89464,sass.qpon,available,2.19,11.49,high,low,4,namesilo,,,21/09/2026 14:47
4b8e18e3-0aee-4509-b289-05b3a759fe17,hindrance.qpon,available,1.99,27.99,high,low,9,name.com,,,14/08/2026 04:50
a5876172-b7cd-4229-a517-41ece0e751ce,retrieve.qpon,available,1.99,,high,low,8,name.com,,,
bc450f72-9496-41a0-ac44-805782b908fe,dashing.qpon,available,1.99,27.99,high,low,7,name.com,,,13/08/2026 17:27
1079c71a-47f5-4433-8b6f-b0282069f214,using.qpon,available,1.99,,high,low,5,name.com,,,
062a4695-a9f4-4918-85eb-495e880acc8f,esfahan.qpon,premium,3450,23.54,medium,low,7,namesilo,,,20/09/2026 14:33
97f1c591-1557-4f8f-813c-086e129cc286,glowingly.qpon,available,2.19,11.49,high,low,9,namesilo,,,14/09/2026 21:48
c54ebb47-6349-4116-ac61-b969c9598c5b,tenths.qpon,available,2.19,11.49,medium,low,6,namesilo,,,20/09/2026 23:51
d7d29452-bbc4-4bb6-8d17-4b03bc48af05,unskilled.qpon,available,1.99,27.99,medium,low,9,name.com,,,
96a6f367-2697-4ebe-ab13-6150685c25ed,france.qpon,available,,,high,high,6,,,,
4f436b8e-f846-483c-8a1a-cf0152ccb379,vindicated.qpon,available,2.19,11.49,high,low,10,namesilo,,,08/09/2026 05:23
551fea44-ba13-4d1c-bbbb-1366248d79ec,eulogistic.qpon,available,1.99,27.99,medium,low,10,name.com,,,16/08/2026 23:07
d670bffd-d690-41b9-ad91-482828a38097,encircled.qpon,available,1.99,27.99,medium,low,9,name.com,,,16/08/2026 22:19
6c5777a4-fa78-4bda-b00c-5a7d19c4e29b,labels.qpon,premium,3450,23.54,high,low,6,namesilo,,,18/09/2026 17:28
e9f0a8d8-da05-41ce-84a1-2deab9396630,ruling.qpon,available,2.19,11.49,high,medium,6,namesilo,,,09/09/2026 12:58
d6e055c1-0413-4bf2-9b19-dbe1ace8e960,prayer.qpon,available,1.99,,high,low,6,name.com,,,
ff51fea7-c14c-4210-96dd-a0aca4bf187e,virus.qpon,available,2.19,11.49,high,low,5,namesilo,,,24/09/2026 17:02
24fdafbd-7c35-4f8e-a10b-3629dc3c5daa,auld.qpon,available,1.99,27.99,medium,low,4,name.com,,,07/08/2026 17:21
7119554c-3712-466e-873e-9b97433d4a66,xxxiv.qpon,available,1.99,27.99,medium,low,5,name.com,,,
56cf7a1e-fa81-4dcd-bf7f-8358e2e5a43b,clipped.qpon,premium,29.5,23.54,high,low,7,namesilo,,,12/08/2026 11:16
5f38731a-5952-464b-8fff-a2a159974707,asparagus.qpon,available,2.19,11.49,high,low,9,namesilo,,,20/09/2026 14:40
baf85173-e4a6-4310-9e89-f230a0a16c93,kindly.qpon,available,2.19,11.49,high,low,6,namesilo,,,24/09/2026 22:41
13ff1b4f-ec7b-426f-86b0-c1148092b6fc,opposition.qpon,available,2.19,11.49,high,low,10,namesilo,,,04/09/2026 16:40
1863d29d-3ba4-4025-8339-6d0e65f33179,gallium.qpon,available,2.19,11.49,high,low,7,namesilo,,,20/09/2026 22:50
59eb8de0-c281-4122-8090-6814b1de8111,garish.qpon,available,1.99,27.99,medium,low,6,name.com,,,18/08/2026 06:35
6bce1b4c-e331-4aef-92de-49385f1cafa8,illinois.qpon,premium,937.5,27.99,high,low,8,name.com,,,21/08/2026 18:40
ba7a5509-f0b4-4f84-b606-044e8ea9ffa0,coil.qpon,available,2.19,11.49,high,low,4,namesilo,,,10/09/2026 15:52
c041cf67-d43c-4954-9795-436a312724b3,spacecraft.qpon,available,2.19,11.49,high,low,10,namesilo,,,21/09/2026 22:54
8c0892ef-a56a-4983-8248-0f4df38092ed,asthmatic.qpon,available,2.19,11.49,medium,low,9,namesilo,,,22/09/2026 10:23
a23c5312-1e7e-45ed-a3d7-833550afb20f,politicians.qpon,premium,3450,23.54,medium,low,11,namesilo,,,19/09/2026 23:03
1abff8dc-28c5-48a9-9a49-e6bc1c9911b6,aquanaut.qpon,available,2.19,11.49,medium,low,8,namesilo,,,19/09/2026 22:57
37ee4670-611c-4e7d-a405-b40076d71b62,mean.qpon,available,1.99,,high,low,4,name.com,,,22/09/2026 18:47
a872b454-744e-43ac-b6fd-fb654b141645,bartholdi.qpon,available,2.19,11.49,medium,low,9,namesilo,,,22/09/2026 09:11
201b09b8-35aa-4e25-93ad-1f9a1b71a7ff,logical.qpon,available,1.99,27.99,high,low,7,name.com,,,12/08/2026 16:03
29a37afb-db0a-4e80-8bbe-7433ecc0f7fe,hilton.qpon,premium,3450,23.54,high,high,6,namesilo,,,25/09/2026 16:05
7c9780ed-70e1-45fe-8201-14645015705c,mining.qpon,available,1.99,,high,low,6,name.com,,,
87bcff8e-d3b0-4314-9103-f9491331d22e,carriage.qpon,available,1.99,,high,low,8,name.com,,,
b31bc4e8-fe61-4d72-88c8-5bfc4e3d53fe,civil.qpon,available,1.99,27.99,high,low,5,name.com,,,12/08/2026 09:03
43477f5c-26b2-449a-ac4e-8610eeccc387,cheap.qpon,premium,302.5,23.54,high,low,5,namesilo,,,23/09/2026 11:03
f236519d-28de-442d-aa34-e88ca85663b3,wimpy.qpon,available,2.19,11.49,medium,low,5,namesilo,,,13/09/2026 12:06
c4a19ae2-4b7c-4263-90fe-24e91a3331c8,keyed.qpon,available,1.99,27.99,high,low,5,name.com,,,22/08/2026 15:42
754b0071-d4e4-49e3-9bce-ae10fdde85ff,atkinson.qpon,premium,3450,23.54,high,low,8,namesilo,,,25/09/2026 17:41
6430d23a-3249-4e7d-84d1-3b131fe7dfd9,inheriting.qpon,available,1.99,27.99,medium,low,10,name.com,,,22/08/2026 05:04
776a5a86-5fad-4a5a-b37b-1fe5650ad57c,axiology.qpon,available,2.19,11.49,high,low,8,namesilo,,,21/09/2026 10:24
5705673e-4d7b-4efc-8d70-281b745ba98a,voluntarily.qpon,available,1.99,,high,low,11,name.com,,,
585d06bc-d023-475f-b9cc-22a068f07a38,blackfish.qpon,available,2.19,11.49,medium,low,9,namesilo,,,24/09/2026 01:55
d243cfe6-fb27-4db7-a532-c35985bcca5e,cad.qpon,premium,640,23.54,high,low,3,namesilo,,,24/09/2026 02:18
887aaf10-7179-4d45-bf4c-c53602d6baa8,catapultic.qpon,available,1.99,27.99,medium,low,10,name.com,,,11/08/2026 21:06
6d590cb2-a71d-4efa-a35e-aecba0d2635b,solo.qpon,available,1.99,,high,medium,4,name.com,,,
a167d411-ceca-4af2-92ff-47f733635ab4,redbrush.qpon,available,2.19,11.49,medium,low,8,namesilo,,,18/09/2026 19:44
bbc5ebc0-f76d-43d3-a55e-67a906fced98,jra.qpon,premium,640,23.54,medium,low,3,namesilo,,,19/09/2026 14:09
57f1071f-dba4-4b95-87e6-1f406ca0de4f,fragile.qpon,available,1.99,27.99,high,low,7,name.com,,,18/08/2026 13:57
1b64bd99-c5b3-4bd5-a163-2371e9573b88,announcer.qpon,available,2.19,11.49,high,low,9,namesilo,,,19/09/2026 10:49
4121fa97-9472-4fc2-ac2e-434fb9b03720,ruddy.qpon,available,1.99,27.99,high,low,5,name.com,,,10/08/2026 14:59
87b4d0bf-8ef2-4d55-97c2-2e324ef577b9,dispatch.qpon,available,2.19,11.49,high,low,8,namesilo,,,04/09/2026 00:56
893955eb-7a12-4c90-93be-f8aa42760b8e,defaulted.qpon,available,2.19,11.49,low,low,9,namesilo,,,21/09/2026 07:28
99da462b-7508-4b1f-acd5-1cfb13fa7938,unbeaten.qpon,available,2.19,11.49,high,low,8,namesilo,,,12/09/2026 01:45
5c50de36-d058-473b-beb9-e6c61fc95e2c,autofocus.qpon,available,2.19,11.49,high,low,9,namesilo,,,21/09/2026 06:19
ccf7e0b9-709e-4152-af05-6b3816194258,post.qpon,available,,,high,medium,4,,,,
f7ab0ff5-90ae-4052-b6a0-29bf81959a7e,champaign.qpon,available,,,medium,low,9,,,,08/09/2026 20:30
48994103-ccbf-4f46-87b2-0385c8833081,sinhala.qpon,available,2.19,11.49,high,medium,7,namesilo,,,10/09/2026 08:20
4e1af831-8235-4155-99ec-0240f6d643aa,comments.qpon,available,2.19,11.49,medium,low,8,namesilo,,,17/09/2026 01:39
e88c329a-aa36-4185-931e-78b9b411f8fb,colour.qpon,available,2.19,11.49,high,low,6,namesilo,,,23/09/2026 15:08
2e849718-97c2-4481-9859-eda6163d2887,cynicism.qpon,available,,,medium,low,8,,,,24/09/2026 20:49
fd0046fd-691d-4137-98ae-eac4c5912002,thereabout.qpon,available,2.19,11.49,medium,low,10,namesilo,,,16/09/2026 08:39
c9b31ec4-c314-4f5b-bf9c-46375c317c59,echoic.qpon,available,1.99,27.99,medium,low,6,name.com,,,14/08/2026 23:34
5b37dc9e-4e11-4ce5-b54c-399ad1e3a416,case.qpon,available,,,high,low,4,,,,
26c34b5d-106f-40a2-a045-0e6e1867070d,lonely.qpon,available,1.99,,high,low,6,name.com,,,
e093e59d-969c-46d4-beb4-6f7fb17cbad9,backstroke.qpon,available,2.19,11.49,high,low,10,namesilo,,,21/09/2026 16:09
667493f9-baa3-4c34-ab14-b5d07becd57f,spherical.qpon,available,1.99,27.99,high,low,9,name.com,,,08/08/2026 10:21
918b159c-34ca-4550-beb0-64a2d26b320a,favors.qpon,available,2.19,11.49,high,low,6,namesilo,,,18/09/2026 09:42
6410d6af-4205-40bb-8efa-f4c98f5d3f1c,marble.qpon,available,,,high,low,6,,,,
05b750ac-bea7-4cab-90c5-69b4181c7018,gargantuan.qpon,available,1.99,27.99,high,low,10,name.com,,,16/08/2026 03:33
32155386-173b-4201-b0f7-2baf389b2cad,progression.qpon,available,1.99,,high,low,11,name.com,,,
88b30579-c2aa-4d88-af7a-2fc5eaa08b27,fusty.qpon,available,1.99,27.99,low,low,5,name.com,,,18/08/2026 16:42
81ecd106-c36a-4e73-8f6b-479726d6559e,madcap.qpon,available,1.99,27.99,high,low,6,name.com,,,11/08/2026 01:38
029f52a5-a64d-4913-8516-88ff5354af23,salisbury.qpon,premium,3450,23.54,high,low,9,namesilo,,,24/09/2026 12:37
f7787cad-6212-4f6d-9835-b6c2b1482097,dented.qpon,available,1.99,27.99,medium,low,6,name.com,,,13/08/2026 09:08
3c3b1a03-fe81-4bd4-bcfb-51a5a258e889,jill.qpon,available,2.19,11.49,high,low,4,namesilo,,,25/09/2026 11:32
017f1f39-0c31-45fe-b463-de61ecf5631b,song.qpon,available,,,high,low,4,,,,
4864af49-fdd1-4fd9-b3b1-049d766c2224,dickhead.qpon,available,1.99,27.99,medium,low,8,name.com,,,08/08/2026 23:34
b8424c5d-d709-4f77-bdee-f5e3ef2d87bb,praiseful.qpon,available,1.99,27.99,medium,low,9,name.com,,,22/08/2026 20:51
79730f7c-314d-47d6-9f4c-5ab2b6495d62,wolfish.qpon,available,1.99,27.99,medium,low,7,name.com,,,15/08/2026 07:01
4b7e1d76-fdd0-4ab3-890b-e8cfefa0e86e,betula.qpon,available,2.19,11.49,medium,low,6,namesilo,,,23/09/2026 11:52
6bc7254c-f66c-4e40-8ecb-d097f0a51e8a,squiggly.qpon,available,2.19,11.49,medium,low,8,namesilo,,,10/09/2026 17:43
2f77c631-d22f-4564-b0f2-f6a0dcd77dc0,truer.qpon,available,2.19,11.49,medium,low,5,namesilo,,,20/09/2026 05:56
905437b4-52cd-435c-8637-d287bf7fbbc4,thrilly.qpon,available,1.99,,medium,low,7,name.com,,,18/09/2026 19:36
53dccd3e-0f48-4e97-b18a-8e39d89ef2a4,screwdrivers.qpon,premium,640,23.54,medium,low,12,namesilo,,,20/09/2026 04:52
9e3a33d7-5d84-4c08-bca1-dfafe6f3e992,schools.qpon,premium,640,23.54,high,low,7,namesilo,,,24/09/2026 00:37
bcff8050-81b8-4057-b1a0-a6b2345cb35a,populations.qpon,available,1.99,,medium,low,11,name.com,,,18/09/2026 17:58
1ef7d410-0076-454e-bfca-865ff251535b,boding.qpon,available,1.99,27.99,medium,low,6,name.com,,,18/08/2026 11:34
d23929b1-6eb9-4c4b-9260-38133d289db1,speak.qpon,available,1.99,,high,low,5,name.com,,,
457ad1cd-eca2-4c55-8c39-d3a751d14d37,mincing.qpon,available,1.99,27.99,high,low,7,name.com,,,13/08/2026 15:43
c70d8228-5e10-4af8-80a8-3c6c79915eea,hangnail.qpon,available,,,medium,low,8,,,,17/09/2026 18:26
11cb43bb-8766-47ef-a89d-eabfcd9dcff6,orpine.qpon,available,1.99,27.99,medium,low,6,name.com,,,24/08/2026 07:58
c6e20b85-3b09-40cb-9ee0-38bf15e16936,alloyed.qpon,available,1.99,27.99,high,low,7,name.com,,,
56ae9291-8859-4b0f-836c-d995be703f19,leia.qpon,available,1.99,,high,low,4,name.com,,,
80593f5a-2022-421d-8f4a-38ec8eaac6ab,trollop.qpon,available,2.19,11.49,medium,low,7,namesilo,,,17/09/2026 10:23
535f647d-a7f4-4892-a25d-4d91812ce632,flamboyant.qpon,available,2.19,11.49,high,low,10,namesilo,,,22/09/2026 12:57
0fbe63dc-082a-4f7c-8189-378a214ba17a,uncurbed.qpon,available,2.19,11.49,high,low,8,namesilo,,,12/09/2026 04:34
7fd256b1-e5d5-4a0e-87ad-698b49eb6df8,grisly.qpon,available,1.99,27.99,medium,low,6,name.com,,,18/08/2026 23:15
7476f123-46d8-472d-9aa8-412153bddafd,darkish.qpon,available,1.99,27.99,medium,low,7,name.com,,,13/08/2026 18:14
cef94c23-4000-48eb-9143-674223d5b3a1,travelers.qpon,premium,3450,23.54,high,medium,9,namesilo,,,19/09/2026 12:33
6f8f0cb3-9a28-4942-8312-572f16fa933b,heartleaf.qpon,available,2.19,11.49,medium,low,9,namesilo,,,20/09/2026 12:53
e85d4279-0297-4d3b-9cac-e2ace550f7fa,erasable.qpon,available,1.99,27.99,medium,low,8,name.com,,,15/08/2026 14:16
ec1f3035-c12f-49c5-af64-3bc365fb9374,luminous.qpon,available,1.99,27.99,high,low,8,name.com,,,
84776158-c337-42d1-92d4-7e1d4d9cd133,ampersand.qpon,available,2.19,11.49,high,low,9,namesilo,,,18/09/2026 23:09
de170a0d-e22a-4849-a29f-9cafbe1662b3,diversify.qpon,available,1.99,,high,low,9,name.com,,,
a9374898-c999-45db-9f07-965fbe912a83,worthwhile.qpon,available,1.99,,high,low,10,name.com,,,
bbed91b5-f20e-4c0c-b6a2-f875f306f0fd,inaugural.qpon,available,1.99,27.99,high,low,9,name.com,,,22/08/2026 00:37
929197db-d523-496b-b705-6353138c5d34,therefore.qpon,available,1.99,,high,low,9,name.com,,,
43cf5013-9567-40c4-9198-c918a4f64c65,unspotted.qpon,available,,,medium,low,9,,,,12/09/2026 20:15
ea30d427-db9b-4848-97ba-23e04bd4889a,movement.qpon,available,1.99,,high,low,8,name.com,,,
80865842-3516-438e-b1dc-6a34a1c2f327,kurt.qpon,available,1.99,27.99,high,low,4,name.com,,,25/09/2026 13:27
62b9bd69-f51f-4d86-b191-39ceb271fd81,terrorist.qpon,available,2.19,11.49,medium,low,9,namesilo,,,25/09/2026 10:50
7f4a1af0-e673-46b1-a9c1-1038ae7df114,propelling.qpon,available,2.19,11.49,high,low,10,namesilo,,,09/09/2026 03:30
5f9db031-6b05-4913-ac21-a0c1ca277a09,hospital.qpon,premium,3450,23.54,high,low,8,namesilo,,,25/09/2026 04:20
23221880-a47e-4191-bbdc-8dd00b0cc36f,quintuple.qpon,available,1.99,27.99,medium,low,9,name.com,,,18/08/2026 05:54
3cec94ab-652e-436f-8c3c-e100186e1703,sign.qpon,available,,,high,low,4,,,,
66fd2beb-1298-460f-8eec-89246641d0ce,necked.qpon,available,2.19,11.49,medium,low,6,namesilo,,,03/09/2026 14:40
de50b06e-f173-4c61-a15a-70494ea133ac,intellect.qpon,available,1.99,27.99,high,low,9,name.com,,,22/08/2026 07:54
ec6cc7de-43ea-43d0-929b-2f561917fa6f,humans.qpon,available,1.99,,high,medium,6,name.com,,,
d38075be-c273-48d5-8016-2ec579e81cf0,elbow.qpon,available,2.19,11.49,high,low,5,namesilo,,,20/09/2026 11:23
3df8c81b-f90b-46d8-8eb2-37e99a811e65,medal.qpon,available,1.99,,high,low,5,name.com,,,
676089ae-8e1d-4aae-9be6-0f4d6ef6bb9f,unnerved.qpon,available,2.19,11.49,medium,low,8,namesilo,,,12/09/2026 15:54
361d5d7e-f804-4897-aa59-b5bafd99976d,otoscope.qpon,available,2.19,11.49,medium,low,8,namesilo,,,21/09/2026 04:28
97147cb1-9b1f-4e7f-8e1f-d1ad1e648f7c,ibnsina.qpon,available,2.19,11.49,medium,low,8,namesilo,,,16/09/2026 18:41
98bea596-3cf4-49fb-85c9-e58838d7e382,hears.qpon,available,2.19,11.49,medium,low,5,namesilo,,,18/09/2026 07:47
ac7f9c07-f74f-44ae-a47b-8b68c627f8e8,effectual.qpon,available,1.99,27.99,high,low,9,name.com,,,15/08/2026 14:20
43f07f5f-1261-4d06-a42d-39ae60c1285c,landless.qpon,available,1.99,27.99,medium,low,8,name.com,,,22/08/2026 19:24
705a9082-459f-4dcf-a7b0-af96769bb318,marang.qpon,available,2.19,11.49,medium,low,6,namesilo,,,20/09/2026 12:01
3c9c496f-2c28-42f3-8187-d2bb42c4dbd1,poignant.qpon,available,1.99,27.99,high,low,8,name.com,,,
eacf1c59-faed-4afe-99fb-1651c04c5eaa,stove.qpon,available,2.19,11.49,high,low,5,namesilo,,,19/09/2026 18:48
20a0544f-6bca-4db2-8939-5d2e3dacd3e8,olives.qpon,premium,640,23.54,medium,low,6,namesilo,,,20/09/2026 04:34
3ed9e674-888c-484b-8a5f-804a0062a73d,primes.qpon,available,2.19,11.49,medium,low,6,namesilo,,,20/09/2026 11:21
0f0664ad-8390-47ae-bbca-1e97d6c9102d,sidearm.qpon,available,2.19,11.49,high,medium,7,namesilo,,,10/09/2026 07:44
b72707b8-6513-468c-9ace-415153a8d4bb,tined.qpon,available,2.19,11.49,medium,low,5,namesilo,,,09/09/2026 03:20
882063d5-1108-4706-9c73-c563bf61eaff,karen.qpon,available,2.19,11.49,high,low,5,namesilo,,,25/09/2026 08:08
4b982e4a-b081-4933-9c12-6e2d18a0b53c,pairs.qpon,available,2.19,11.49,medium,low,5,namesilo,,,16/09/2026 14:58
fbd03e50-053b-4e95-b9ee-b73439b6c02b,nina.qpon,premium,640,23.54,high,low,4,namesilo,,,25/09/2026 09:36
2aa3be20-153b-44cf-b06e-51809ab37c14,converge.qpon,available,1.99,,high,low,8,name.com,,,
a82bb711-c65c-48e1-aa71-4559def707f7,dominant.qpon,available,1.99,27.99,high,low,8,name.com,,,14/08/2026 15:41
f5778087-04ac-44a0-b34d-89f359eab516,halfway.qpon,premium,3450,23.54,high,low,7,namesilo,,,11/08/2026 23:56
0ff0e866-f8da-4849-89fa-938e409fa98e,champs.qpon,premium,29.5,23.54,medium,low,6,namesilo,,,20/09/2026 13:31
19dfd93f-6f7f-45b5-84e7-3a40639d4add,metrical.qpon,available,1.99,27.99,high,low,8,name.com,,,24/08/2026 22:08
44aa1744-30ce-492e-b005-3e682f178e23,holiday.qpon,available,,,high,low,7,,,,
87a582ef-60de-477c-b512-3818db321c16,profession.qpon,available,1.99,,high,low,10,name.com,,,
502af11e-720f-4fe4-9957-f49c8a7f5297,manages.qpon,available,2.19,11.49,medium,low,7,namesilo,,,25/09/2026 05:29
27363de1-e2f0-4f6a-9b22-331ca2501cf4,tattered.qpon,available,2.19,11.49,high,medium,8,namesilo,,,10/09/2026 06:05
27533b23-db66-4059-91dc-85e270a1b413,sparsely.qpon,available,2.19,11.49,medium,low,8,namesilo,,,16/09/2026 05:55
7307bd72-da55-407b-bfd0-01f8a6a05090,patience.qpon,available,2.19,11.49,high,low,8,namesilo,,,25/09/2026 06:07
9f7ad258-10c8-4ba5-96d1-ce33f470c900,disorders.qpon,available,1.99,27.99,medium,low,9,name.com,,,20/09/2026 00:40
7d273ba6-f8ae-4683-aef5-ae6c1d4543e2,wedded.qpon,available,2.19,11.49,high,low,6,namesilo,,,13/09/2026 09:30
b582da4e-654b-4322-a9cd-400292fd3b70,regardless.qpon,available,1.99,,high,low,10,name.com,,,
947e2d76-b287-4c08-a09b-b2d6cb0ef032,archibald.qpon,available,2.19,11.49,medium,low,9,namesilo,,,25/09/2026 18:45
6f295813-d451-4211-934e-a24a99f26945,inorganic.qpon,available,1.99,27.99,high,low,9,name.com,,,22/08/2026 06:11
48a79a13-eb14-4d47-a7cc-2d2e39c3f0f2,judge.qpon,available,2.19,11.49,high,low,5,namesilo,,,25/09/2026 05:43
7800b704-ce47-49c1-a5bc-58e5e3576dc7,bears.qpon,premium,29.5,23.54,high,low,5,namesilo,,,
5d30eda6-9652-486c-8a80-ecf7bae5f40a,judicious.qpon,available,1.99,27.99,high,low,9,name.com,,,21/08/2026 02:00
661287ae-7b70-443b-b577-adbfb26ba343,kiwi.qpon,premium,640,23.54,high,high,4,namesilo,,,03/09/2026 16:42
69605d75-ed96-4309-8f05-c9a898cdcaf7,modernized.qpon,available,2.19,11.49,high,low,10,namesilo,,,19/09/2026 17:17
bee3a1e9-c093-4229-b8d3-89c0f0d5ddad,imminently.qpon,available,2.19,11.49,medium,low,10,namesilo,,,15/09/2026 02:00
c24c3f25-495c-410d-a21d-105230e32306,approached.qpon,available,2.19,11.49,medium,low,10,namesilo,,,17/09/2026 16:13
e8b99a24-bbec-4e06-a9b7-533ae59c544c,girdle.qpon,available,2.19,11.49,high,low,6,namesilo,,,24/09/2026 15:02
5d2ced4d-aaf3-4630-b3ab-57992a265298,minor.qpon,available,1.99,,high,low,5,name.com,,,25/09/2026 20:28
4592ed43-8d48-43d1-9cf2-cb2aea256f71,bullet.qpon,available,1.99,,high,low,6,name.com,,,
b042ec20-6c0c-4514-a84d-2ab5e2a36d48,auditory.qpon,available,2.19,11.49,high,low,8,namesilo,,,22/09/2026 12:39
f546ec70-a646-4a49-a4f4-dac4870f8422,riyadh.qpon,premium,640,23.54,high,low,6,namesilo,,,
0aadedbc-451a-43da-a7a3-4e8e73fddf11,bargain.qpon,premium,3450,23.54,high,low,7,namesilo,,,
b9f88fa3-c620-42cd-b15a-d90f2056f6b5,unabashed.qpon,available,2.19,11.49,medium,low,9,namesilo,,,11/09/2026 23:19
11d1187c-f8cb-4934-a6bb-1d78bd31450f,warfare.qpon,available,1.99,,high,low,7,name.com,,,
3636a8ec-1221-47be-8bab-2efb1ede4069,allamanda.qpon,available,2.19,11.49,medium,low,9,namesilo,,,18/09/2026 09:50
0d8e539c-54c3-4d74-ac3e-62e6e95cfc49,superlunar.qpon,available,2.19,11.49,medium,low,10,namesilo,,,11/09/2026 02:21
9ec96111-7b61-459c-9231-55fbb42c9628,authorial.qpon,available,1.99,27.99,medium,low,9,name.com,,,07/08/2026 16:19
053a72ee-ccc0-43cb-89d8-507d692aed7f,rushing.qpon,available,1.99,,high,low,7,name.com,,,
8ab7d6df-bc3b-4883-9ca9-639b5a45d492,diplomate.qpon,available,1.99,,high,low,9,name.com,,,
b24fb4a8-e724-455f-bfac-e8a645cac72e,appreciates.qpon,available,1.99,,high,low,11,name.com,,,20/09/2026 20:35
2c39962f-944e-4d1a-a031-3142d567baec,antagonism.qpon,available,2.19,11.49,medium,low,10,namesilo,,,19/09/2026 12:27
713629eb-50a9-4bd3-b985-4c3cbcd4a629,chaldea.qpon,available,2.19,11.49,medium,low,7,namesilo,,,21/09/2026 13:52
df40b4e3-49be-4df4-8096-4f431a1b5b8a,revenant.qpon,available,2.19,11.49,high,low,8,namesilo,,,09/09/2026 12:04
b9f0c23b-37c5-4b23-b915-4f5ca2d87da7,yokelish.qpon,available,1.99,27.99,high,medium,8,name.com,,,10/08/2026 22:23
c677d909-8eac-4066-bbae-b7b8b1089bdf,inductive.qpon,available,1.99,27.99,high,low,9,name.com,,,22/08/2026 03:29
a4f48622-c4b2-4344-aa50-5ce5ca77d737,socialized.qpon,available,2.19,11.49,medium,low,10,namesilo,,,10/09/2026 13:12
fa80c7e3-257c-432e-b787-7612841b9363,untucked.qpon,available,2.19,11.49,low,low,8,namesilo,,,12/09/2026 21:50
f7744306-2250-4089-b703-48dfa45875d4,buckeye.qpon,premium,3450,23.54,high,low,7,namesilo,,,17/09/2026 13:22
659b2d2a-740e-4fcb-a195-df54881f8dfb,porkfish.qpon,available,2.19,11.49,medium,low,8,namesilo,,,19/09/2026 09:38
f0da8162-c354-48c8-b7d8-c2a01cc959b2,abhorrent.qpon,available,2.19,11.49,medium,low,9,namesilo,,,21/09/2026 13:49
c8bd7519-e852-4f97-a422-77fe81b72062,latticed.qpon,available,1.99,27.99,medium,low,8,name.com,,,22/08/2026 08:06
b74f2a6e-82f6-46de-8695-da595b7e4aa3,alexis.qpon,available,2.19,11.49,high,low,6,namesilo,,,19/09/2026 02:23
efb49d3e-f246-46b3-96db-fea00834ed4c,barter.qpon,premium,3450,23.54,high,low,6,namesilo,,,
c79da573-9432-4ebf-ac5f-6bc6ea48a81c,nitpicking.qpon,available,2.19,11.49,medium,low,10,namesilo,,,19/09/2026 01:08
89841da3-2d7a-4e8e-929c-4569e2742f43,catty.qpon,available,1.99,27.99,medium,low,5,name.com,,,10/08/2026 07:23
ca600ea4-df2c-4c2b-ac59-9441e7495abf,styling.qpon,premium,937.5,,high,low,7,name.com,,,17/09/2026 18:14
577f4010-7ace-411c-9ad1-d035d753e67c,conway.qpon,premium,4687.5,27.99,high,low,6,name.com,,,25/09/2026 21:36
e0d24b8d-7a5b-44d3-94f1-1e1d812fff31,dracula.qpon,available,1.99,,high,low,7,name.com,,,
2fc90d12-ac5c-46ab-bdcf-b8991ae66422,operable.qpon,available,2.19,11.49,medium,low,8,namesilo,,,04/09/2026 16:20
748656e0-098e-4af8-aaa2-b99f8d7863d9,origin.qpon,premium,640,23.54,high,low,6,namesilo,,,08/09/2026 13:23
7aec0a02-4a43-4920-835f-ada77e549a45,blister.qpon,available,2.19,11.49,high,low,7,namesilo,,,24/09/2026 05:20
eb43ae4f-843f-4c05-b328-27e0a79c5df5,bismark.qpon,available,2.19,11.49,medium,low,7,namesilo,,,23/09/2026 09:37
798aec48-6b09-46a1-b357-99545ca2aab4,donuts.qpon,premium,3450,23.54,high,medium,6,namesilo,,,18/09/2026 14:27
81fe1ede-2984-4f87-9b6c-0f5f5a60102d,clunk.qpon,available,2.19,11.49,medium,low,5,namesilo,,,11/09/2026 15:10
bb0431ac-a19a-4950-99c9-86b720dd71e9,house.qpon,premium,4687.5,27.99,high,medium,5,name.com,,,24/09/2026 18:37
6e5887eb-f53a-4a8a-aaa5-84f5cfdbf681,saratoga.qpon,premium,3450,23.54,high,low,8,namesilo,,,21/09/2026 04:45
fc811469-fe82-4d87-915e-9a95449c20bd,pole.qpon,available,2.19,11.49,high,low,4,namesilo,,,24/09/2026 13:25
89a3813b-8623-41de-95e4-1d13ea7b1106,cushioned.qpon,available,1.99,27.99,high,low,9,name.com,,,13/08/2026 11:53
7e6c79a7-c627-45b2-b39f-99f1a73b7ef1,bigwig.qpon,available,2.19,11.49,high,low,6,namesilo,,,23/09/2026 15:30
7423119b-0378-46a2-acc1-50ed75a6c475,nicki.qpon,available,1.99,,high,low,5,name.com,,,
149ce351-5f34-4545-b0c2-89496a72fdb3,ovarian.qpon,available,1.99,27.99,medium,low,7,name.com,,,04/09/2026 19:55
dc6be7ed-9861-48a8-a402-bde073000c4f,sate.qpon,available,2.19,11.49,medium,low,4,namesilo,,,09/09/2026 14:30
6fa3a0c3-848d-4527-b748-dd85b0f9ce50,typewriters.qpon,available,2.19,11.49,medium,low,11,namesilo,,,21/09/2026 07:13
2b02c2e6-c9ff-44d9-ac53-ae717e06f67a,acherontic.qpon,available,1.99,27.99,medium,low,10,name.com,,,
2170000b-e399-4c03-b488-0f4a2bd80cbb,acronymous.qpon,available,1.99,27.99,medium,low,10,name.com,,,
d34d6461-8bad-4908-bd7d-806992f5e153,blanche.qpon,available,2.19,11.49,medium,low,7,namesilo,,,26/09/2026 03:36
1cc1dbd9-498e-4ca3-a74b-c654a735a435,linchpin.qpon,available,2.19,11.49,high,low,8,namesilo,,,21/09/2026 15:17
6c87f001-1982-4728-a4a8-5e19ee8fff59,ground.qpon,available,2.19,11.49,high,low,6,namesilo,,,22/09/2026 17:38
b96f1b1b-e4af-4162-8371-3002ded4b0ec,neurotoxic.qpon,available,2.19,11.49,medium,low,10,namesilo,,,03/09/2026 16:25
528c47d7-d36b-4e0e-bd42-cf43edbcaf73,gormless.qpon,available,1.99,27.99,low,low,8,name.com,,,18/08/2026 20:48
dcc10fbc-5fe5-4436-8df5-eca48eae60ae,armin.qpon,available,2.19,11.49,high,low,5,namesilo,,,20/09/2026 07:10
72e281be-bcd0-43ac-be54-dd87667529ea,victuals.qpon,available,1.99,27.99,medium,low,8,name.com,,,12/08/2026 18:52
da4a9b63-03d7-4fd2-b236-e877e6ca00a0,families.qpon,available,1.99,,high,low,8,name.com,,,
606a7f54-c90a-4093-9fe4-d4625472582c,hanging.qpon,available,2.19,11.49,high,low,7,namesilo,,,25/09/2026 04:41
60d5fb04-221e-41a7-a98e-6a725e75fee4,well.qpon,available,2.19,11.49,high,low,4,namesilo,,,24/09/2026 22:39
10cd173e-c1e6-45b7-af99-1827f76b15f1,insert.qpon,available,2.19,11.49,high,low,6,namesilo,,,24/09/2026 20:42
51bf8411-7bec-4211-8e77-2526a6025cfb,unleaded.qpon,available,1.99,27.99,high,low,8,name.com,,,22/08/2026 21:46
5eca5da3-c5f6-4cfd-8005-fda22468779c,services.qpon,premium,3450,23.54,high,low,8,namesilo,,,
86da6ba9-94c5-49e8-aac5-20ad1d2e4151,alvin.qpon,premium,3450,23.54,high,low,5,namesilo,,,25/09/2026 13:49
75159584-36e5-40da-845e-2fea3b20f10a,tidily.qpon,available,1.99,27.99,medium,low,6,name.com,,,16/09/2026 09:05
e0dc8d2e-7447-4bee-91e8-6983263acff5,devotional.qpon,available,1.99,27.99,high,low,10,name.com,,,14/08/2026 05:15
cdba3f3d-9302-4068-b80d-66bfb1fa2999,dominical.qpon,available,1.99,27.99,medium,low,9,name.com,,,14/08/2026 15:42
8963cc22-c437-4361-b404-ea20256f25b6,murray.qpon,premium,3450,23.54,high,low,6,namesilo,,,25/09/2026 22:54
bc33806e-b4af-4377-a9bd-e229adf0be04,rivals.qpon,available,2.19,11.49,medium,low,6,namesilo,,,20/09/2026 05:05
987da1ad-04b3-4bbb-bf21-752242d258f4,trilled.qpon,available,1.99,27.99,medium,low,7,name.com,,,09/09/2026 18:19
4b5ff282-1453-4838-9d2e-c54f67b790ac,alkyl.qpon,available,2.19,11.49,medium,low,5,namesilo,,,18/09/2026 08:34
adcbd90f-28bb-4a2c-bab3-d2fd557e960e,raise.qpon,available,2.19,11.49,high,low,5,namesilo,,,24/09/2026 14:55
755fc126-77fe-4827-861b-d1026cfe3d8d,syllabled.qpon,available,2.19,11.49,medium,low,9,namesilo,,,11/09/2026 06:00
16f15c8e-f6dd-418a-ba10-192db6c63f55,energising.qpon,available,1.99,27.99,medium,low,10,name.com,,,17/08/2026 06:43
d8a54e12-2a68-405a-a9cc-18dedb73a335,knavish.qpon,available,1.99,27.99,medium,low,7,name.com,,,13/08/2026 04:34
294d6fde-1660-4b66-acab-991c63527cf6,attribute.qpon,available,2.19,11.49,high,low,9,namesilo,,,21/09/2026 02:16
768db07c-a5f3-4c1b-bb59-d54802504913,chewing.qpon,available,2.19,11.49,high,low,7,namesilo,,,24/09/2026 14:24
d18f3a2b-b582-4a81-98cc-3e9cd8e3453b,supervisor.qpon,available,1.99,,high,low,10,name.com,,,
82666119-ddb8-4bc3-9d9e-4cf5b6fa8298,visualise.qpon,available,2.19,11.49,high,low,9,namesilo,,,24/09/2026 16:40
bf8184d7-f95f-4d44-807b-a38fc00a3b77,prosecution.qpon,available,1.99,,high,low,11,name.com,,,
323d1c4a-06fa-42c3-82e0-16d90a04fee0,sooty.qpon,available,1.99,27.99,medium,low,5,name.com,,,12/08/2026 13:47
dacc798e-3890-4d63-88b4-6c4dc4a3c44c,pureblood.qpon,available,2.19,11.49,high,low,9,namesilo,,,08/09/2026 13:00
8d2fe5ed-c630-4b12-8730-6b310c1610dc,oafish.qpon,available,1.99,27.99,medium,low,6,name.com,,,10/08/2026 19:32
cd4fcabe-574a-49cd-8563-42c9549d1e61,lovesick.qpon,available,1.99,27.99,medium,low,8,name.com,,,24/08/2026 10:18
a25dd257-8c52-4023-b7b0-0352591141f7,timorese.qpon,available,2.19,11.49,medium,low,8,namesilo,,,11/09/2026 16:04
c866e8e9-69f2-4a2e-9de0-bad74dbc196f,splurge.qpon,available,2.19,11.49,high,low,7,namesilo,,,23/09/2026 17:20
22bd30e5-6e3b-4ded-97c0-9267fa1ef430,unthought.qpon,available,2.19,11.49,medium,low,9,namesilo,,,12/09/2026 12:35
d145f7a9-6fc0-4c4d-aeb1-83c33a134102,reasonless.qpon,available,1.99,27.99,medium,low,10,name.com,,,11/08/2026 22:42
06e17404-905b-4d32-92ee-3202c04c09b8,antoine.qpon,available,2.19,11.49,high,low,7,namesilo,,,25/09/2026 14:52
5c794868-d47c-49f5-a3d9-894016b343b9,fahrenheit.qpon,available,1.99,27.99,high,medium,10,name.com,,,17/08/2026 20:40
cd6cba89-237f-4454-915f-fa410f303c58,elizabeth.qpon,premium,3450,23.54,high,low,9,namesilo,,,25/09/2026 05:29
2821cf74-b4ba-4f0a-8538-33bd7fc82e0d,tim.qpon,premium,3450,23.54,high,medium,3,namesilo,,,25/09/2026 11:26
b3c56231-0a5a-4507-b0f0-d65b8b7abd52,unasked.qpon,available,2.19,11.49,medium,low,7,namesilo,,,12/09/2026 01:10
ddbde028-a0cf-45a9-955d-0cdbdb1289c2,penumbral.qpon,available,2.19,11.49,medium,low,9,namesilo,,,08/09/2026 15:25
3869844d-3175-41ce-87e5-3f62556751d0,equivocal.qpon,available,1.99,27.99,high,low,9,name.com,,,
c834542a-005d-4d90-ba7e-a9043e143288,clausal.qpon,available,1.99,27.99,medium,low,7,name.com,,,12/08/2026 10:00
41000d5d-f264-45c5-ae7d-fe3a4d5d9b82,witless.qpon,available,,,medium,low,7,,,,03/09/2026 17:49
29384322-9dad-49f9-bd6b-7f4f940a326e,peel.qpon,premium,3450,23.54,high,low,4,namesilo,,,
c68855ed-49f6-4fe1-843e-2aa3cb3fcaf3,sara.qpon,available,,,high,low,4,,,,25/09/2026 21:30
c743d0bc-f6b9-442f-a62f-feaca57f0d57,netflix.qpon,premium,3450,23.54,high,high,7,namesilo,,,
78d3b3fe-2245-4c32-b57d-1101f1938130,eyeshadow.qpon,premium,302.5,23.54,high,low,10,namesilo,,,
87c035ab-8e77-4c36-a34f-37edb6ce3628,preston.qpon,premium,4687.5,27.99,high,low,7,name.com,,,25/09/2026 20:01
bcf21c7d-ab35-44cf-aa76-e901d6aa7308,tailed.qpon,available,2.19,11.49,high,low,6,namesilo,,,11/09/2026 07:08
038fcad4-338d-40f5-b22f-cd3062e114e8,understand.qpon,available,1.99,,high,low,10,name.com,,,
d07bab53-7eb9-437a-a628-00164f872f72,carlos.qpon,available,2.19,11.49,high,low,6,namesilo,,,19/09/2026 04:37
fb99775a-288e-4566-a0ad-ec664667eaeb,blob.qpon,available,1.99,,high,low,4,name.com,,,